Ticker,Price,GEX,Time
AMC,10.61,2220425.8,2021-04-06T09:29:19.376
AMC,10.61,2220425.8,2021-04-06T09:30:18.224
AMC,10.61,4174454.6,2021-04-06T09:31:18.367
AMC,10.61,4121547.5,2021-04-06T09:32:18.442
AMC,10.61,4095179.8,2021-04-06T09:33:18.232
AMC,10.61,4093650.4,2021-04-06T09:34:18
AMC,10.61,4134620.3,2021-04-06T09:35:18.343
AMC,10.61,4163940.5,2021-04-06T09:36:18.012
AMC,10.61,4220900.3,2021-04-06T09:37:17.933
AMC,10.61,4774501.2,2021-04-06T09:38:18.066
AMC,10.61,4306103.8,2021-04-06T09:39:17.847
AMC,10.61,4325643,2021-04-06T09:40:18.260
AMC,10.61,4326900.4,2021-04-06T09:41:17.986
AMC,10.61,4316041.9,2021-04-06T09:42:17.924
AMC,10.61,4332418.6,2021-04-06T09:43:18.004
AMC,10.61,4248686.8,2021-04-06T09:44:17.968
AMC,10.61,4184864.8,2021-04-06T09:45:18.107
AMC,10.61,4135732,2021-04-06T09:46:18.132
AMC,10.61,4059390.8,2021-04-06T09:47:18.615
AMC,10.61,4101382.1,2021-04-06T09:48:17.972
AMC,10.61,4128970.8,2021-04-06T09:49:17.995
AMC,10.61,4119505.2,2021-04-06T09:50:18.176
AMC,10.61,4129964.9,2021-04-06T09:51:18.120
AMC,10.61,4142731.8,2021-04-06T09:52:17.984
AMC,10.61,4207913.4,2021-04-06T09:53:18.253
AMC,10.61,4234396.2,2021-04-06T09:54:17.374
AMC,10.61,4276674.6,2021-04-06T09:55:18.708
AMC,10.61,4238622.4,2021-04-06T09:56:18.618
AMC,10.61,4164243.9,2021-04-06T09:57:18.151
AMC,10.61,4129657.8,2021-04-06T09:58:18.179
AMC,10.61,4158688.7,2021-04-06T09:59:18.702
AMC,10.61,4214672.9,2021-04-06T10:00:17.982
AMC,10.61,4207669,2021-04-06T10:01:18.456
AMC,10.61,4152119.4,2021-04-06T10:02:18.113
AMC,10.61,4246502.6,2021-04-06T10:03:18.034
AMC,10.61,4224221.3,2021-04-06T10:04:18.089
AMC,10.61,4199372.3,2021-04-06T10:05:18.211
AMC,10.61,4230787.1,2021-04-06T10:06:18.021
AMC,10.61,4174361.4,2021-04-06T10:07:18.163
AMC,10.61,4173861,2021-04-06T10:08:18.149
AMC,10.61,4194868.7,2021-04-06T10:09:18.511
AMC,10.61,4195451.4,2021-04-06T10:10:17.983
AMC,10.61,4184680.4,2021-04-06T10:11:18.078
AMC,10.61,4177446.1,2021-04-06T10:12:18.031
AMC,10.61,4165083.7,2021-04-06T10:13:18.926
AMC,10.61,4177197.8,2021-04-06T10:14:18.265
AMC,10.61,4134389,2021-04-06T10:15:18.089
AMC,10.61,4142787.9,2021-04-06T10:16:18.030
AMC,10.61,4154897.4,2021-04-06T10:17:18.154
AMC,10.61,4137401.4,2021-04-06T10:18:18.416
AMC,10.61,4305722.7,2021-04-06T10:19:18.212
AMC,10.61,4168711.6,2021-04-06T10:20:18.166
AMC,10.61,4188881.3,2021-04-06T10:21:18.405
AMC,10.61,4208765.7,2021-04-06T10:22:18.291
AMC,10.61,4201942.3,2021-04-06T10:23:18.243
AMC,10.61,4153403.6,2021-04-06T10:24:18.123
AMC,10.61,4121286,2021-04-06T10:25:18.828
AMC,10.61,4126858.2,2021-04-06T10:26:18.135
AMC,10.61,4149286.9,2021-04-06T10:27:18.248
AMC,10.61,4158394.8,2021-04-06T10:28:18.314
AMC,10.61,4148693.4,2021-04-06T10:29:18.533
AMC,10.61,4159483.5,2021-04-06T10:30:18.133
AMC,10.61,4184015.4,2021-04-06T10:31:57.829
AMC,10.61,4147325.6,2021-04-06T10:32:58.416
AMC,10.61,4158005.6,2021-04-06T10:33:57.760
AMC,10.61,4145285.9,2021-04-06T10:34:57.473
AMC,10.61,4136256.9,2021-04-06T10:35:57.628
AMC,10.61,4111023.9,2021-04-06T10:36:57.646
AMC,10.61,4113313.1,2021-04-06T10:37:57.929
AMC,10.61,4139693.4,2021-04-06T10:38:57.652
AMC,10.61,4126888.3,2021-04-06T10:39:57.561
AMC,10.61,4131290.8,2021-04-06T10:40:57.566
AMC,10.61,4117899.6,2021-04-06T10:41:57.659
AMC,10.61,4154002.2,2021-04-06T10:42:57.540
AMC,10.61,4119030.1,2021-04-06T10:43:58.832
AMC,10.61,4149098.7,2021-04-06T10:44:57.677
AMC,10.61,4152123,2021-04-06T10:45:57.615
AMC,10.61,4127866.6,2021-04-06T10:49:07.731
AMC,10.61,4112214,2021-04-06T10:56:01.449
AMC,10.61,4131613.4,2021-04-06T10:57:01.211
AMC,10.61,4135734.2,2021-04-06T10:58:00.799
AMC,10.61,4150599.1,2021-04-06T10:59:00.740
AMC,10.61,4170149.8,2021-04-06T11:00:00.831
AMC,10.61,4133269.9,2021-04-06T11:01:00.824
AMC,10.61,4134245.7,2021-04-06T11:02:00.880
AMC,10.61,4020896,2021-04-06T11:03:01.054
AMC,10.61,3940291.9,2021-04-06T11:04:00.900
AMC,10.61,3975549.4,2021-04-06T11:05:00.772
AMC,10.61,3984270,2021-04-06T11:06:00.837
AMC,10.61,4032643.2,2021-04-06T11:07:00.763
AMC,10.61,4088045.1,2021-04-06T11:08:00.800
AMC,10.61,4074492.8,2021-04-06T11:09:00.770
AMC,10.61,4116041,2021-04-06T11:10:00.726
AMC,10.61,4088266,2021-04-06T11:11:00.139
AMC,10.61,4048543.6,2021-04-06T11:13:14.733
AMC,10.61,3955971.2,2021-04-06T11:18:50.131
AMC,10.61,3955642.1,2021-04-06T11:19:50.054
AMC,10.61,3950960,2021-04-06T11:20:49.778
AMC,10.61,3952738.6,2021-04-06T11:21:50.200
AMC,10.61,3922910.2,2021-04-06T11:22:49.594
AMC,10.61,3930179.9,2021-04-06T11:23:49.925
AMC,10.61,3929226.6,2021-04-06T11:24:49.717
AMC,10.61,3955446.6,2021-04-06T11:25:49.841
AMC,10.61,3932348.9,2021-04-06T11:26:49.762
AMC,10.61,3956062.7,2021-04-06T11:27:49.923
AMC,10.61,3951186.2,2021-04-06T11:28:49.805
AMC,10.61,3970485,2021-04-06T11:29:49.728
AMC,10.61,3970890.8,2021-04-06T11:30:50.549
AMC,10.61,3946587.9,2021-04-06T11:31:49.777
AMC,10.61,3956254.6,2021-04-06T11:32:49.831
AMC,10.61,3947478,2021-04-06T11:33:50.360
AMC,10.61,4047138.2,2021-04-06T11:39:01.723
AMC,10.61,4051531.1,2021-04-06T11:40:00.476
AMC,10.61,4067398.1,2021-04-06T11:40:58.023
AMC,10.61,4043868.9,2021-04-06T11:41:57.995
AMC,10.61,4062414.2,2021-04-06T11:42:58.937
AMC,10.61,4036568.8,2021-04-06T11:43:58.105
AMC,10.61,4021850.2,2021-04-06T11:45:00.872
AMC,10.61,4016542.6,2021-04-06T11:45:58.070
AMC,10.61,4040255.4,2021-04-06T11:46:58.148
AMC,10.61,4033089.3,2021-04-06T11:47:58.083
AMC,10.61,4033053.9,2021-04-06T11:48:58.111
AMC,10.61,4018781.7,2021-04-06T11:50:00.935
AMC,10.61,4029417.8,2021-04-06T11:50:58.105
AMC,10.61,4019650.3,2021-04-06T11:51:58.816
AMC,10.61,4030218,2021-04-06T11:52:58.131
AMC,10.61,4025969.3,2021-04-06T11:53:58.082
AMC,10.61,3967900.3,2021-04-06T12:24:26.951
AMC,10.61,3992965.4,2021-04-06T12:25:25.052
AMC,10.61,3984719.1,2021-04-06T12:26:25.782
AMC,10.61,3999694.7,2021-04-06T12:27:25.097
AMC,10.61,4010969.5,2021-04-06T12:28:25.321
AMC,10.61,4001612.2,2021-04-06T12:29:24.923
AMC,10.61,3981371.4,2021-04-06T12:30:24.901
AMC,10.61,3978092.9,2021-04-06T12:31:24.960
AMC,10.61,3954044.8,2021-04-06T12:32:25.281
AMC,10.61,3961477.8,2021-04-06T12:33:25.506
AMC,10.61,3966097.9,2021-04-06T12:34:25.167
AMC,10.61,3955569.9,2021-04-06T12:35:25.070
AMC,10.61,3953218.2,2021-04-06T12:36:25.109
AMC,10.61,3967032.1,2021-04-06T12:37:25.225
AMC,10.61,3958785.7,2021-04-06T12:38:25.090
AMC,10.61,3958931.5,2021-04-06T12:39:24.946
AMC,10.61,3965225.2,2021-04-06T12:40:25.527
AMC,10.61,3938551.5,2021-04-06T12:41:25.382
AMC,10.61,3954794.9,2021-04-06T12:42:25.211
AMC,10.61,3945597.8,2021-04-06T12:43:25.154
AMC,10.61,3948023.2,2021-04-06T12:44:25.207
AMC,10.61,3955653.9,2021-04-06T12:45:25.313
AMC,10.61,3951109.1,2021-04-06T12:46:25.775
AMC,10.61,3928817.9,2021-04-06T12:47:25.342
AMC,10.61,3923968,2021-04-06T12:48:25.240
AMC,10.61,3925090.2,2021-04-06T12:49:25.821
AMC,10.61,3925853.3,2021-04-06T12:50:25.270
AMC,10.61,3916525.8,2021-04-06T12:51:24.953
AMC,10.61,3956973,2021-04-06T12:52:25.211
AMC,10.61,3940023.6,2021-04-06T12:53:25.344
AMC,10.61,3917142.1,2021-04-06T12:54:25.176
AMC,10.61,3927959.5,2021-04-06T12:55:25.645
AMC,10.61,3909987.2,2021-04-06T12:56:25.135
AMC,10.61,3913967.3,2021-04-06T12:57:24.989
AMC,10.61,3925383.4,2021-04-06T12:58:25.102
AMC,10.61,3932079.7,2021-04-06T12:59:25.303
AMC,10.61,3924264.4,2021-04-06T13:00:25.550
AMC,10.61,3909523.3,2021-04-06T13:03:17.063
AMC,10.61,3929300,2021-04-06T13:04:17.171
AMC,10.61,3932175.6,2021-04-06T13:05:17.176
AMC,10.61,3930414.3,2021-04-06T13:06:17.093
AMC,10.61,3923402.3,2021-04-06T13:07:17.626
AMC,10.61,3943042.6,2021-04-06T13:08:17.131
AMC,10.61,4035254,2021-04-06T13:09:17.175
AMC,10.61,4028321.3,2021-04-06T13:10:17.098
AMC,10.61,4050961.1,2021-04-06T13:11:17.110
AMC,10.61,4044933,2021-04-06T13:12:17.013
AMC,10.61,4038071.3,2021-04-06T13:13:17.530
AMC,10.61,4035617.8,2021-04-06T13:14:17.380
AMC,10.61,4046365.4,2021-04-06T13:15:17.518
AMC,10.61,4032410.5,2021-04-06T13:16:17.217
AMC,10.61,4050996.8,2021-04-06T13:17:17.040
AMC,10.61,4041890.7,2021-04-06T13:18:16.992
AMC,10.61,3974420.9,2021-04-06T13:23:25.083
AMC,10.61,3995852.9,2021-04-06T13:23:28.976
AMC,10.61,3932943.3,2021-04-06T13:27:33.546
AMC,10.61,3940818,2021-04-06T13:28:30.208
AMC,10.61,3990343.7,2021-04-06T13:29:30.382
AMC,10.61,3980441.2,2021-04-06T13:30:30.369
AMC,10.61,3969552.2,2021-04-06T13:31:30.274
AMC,10.61,3998465.2,2021-04-06T13:32:30.367
AMC,10.61,3974817.6,2021-04-06T13:33:30.283
AMC,10.61,3966670.6,2021-04-06T13:34:30.241
AMC,10.61,3978907.6,2021-04-06T13:35:30.362
AMC,10.61,3977472,2021-04-06T13:36:30.767
AMC,10.61,3956718.3,2021-04-06T13:37:30.412
AMC,10.61,3975298.8,2021-04-06T13:38:30.604
AMC,10.61,3955243.4,2021-04-06T13:39:30.348
AMC,10.61,3964223.3,2021-04-06T13:40:30.356
AMC,10.61,3962062.9,2021-04-06T13:41:30.292
AMC,10.61,3960362.5,2021-04-06T13:42:30.313
AMC,10.61,3948300,2021-04-06T13:43:29.627
AMC,10.61,3944964.5,2021-04-06T13:44:30.459
AMC,10.61,3965263.1,2021-04-06T13:45:30.327
AMC,10.61,3967326.3,2021-04-06T13:46:30.615
AMC,10.61,4037947.6,2021-04-06T13:47:30.616
AMC,10.61,4032209.1,2021-04-06T13:48:30.311
AMC,10.61,4057939.1,2021-04-06T13:49:30.476
AMC,10.61,4091788.6,2021-04-06T13:50:30.679
AMC,10.61,4085824.4,2021-04-06T13:51:30.628
AMC,10.61,4132176.4,2021-04-06T13:55:30.668
AMC,10.61,4118999.8,2021-04-06T13:56:30.272
AMC,10.61,4095762.6,2021-04-06T13:57:30.152
AMC,10.61,4102351.3,2021-04-06T13:58:30.423
AMC,10.61,4055232.6,2021-04-06T13:59:30.646
AMC,10.61,4345427,2021-04-06T14:00:30.175
AMC,10.61,4295916.4,2021-04-06T14:01:30.375
AMC,10.61,4225792.5,2021-04-06T14:02:30.151
AMC,10.61,4363430.6,2021-04-06T14:03:31.074
AMC,10.61,4235218.5,2021-04-06T14:04:29.939
AMC,10.61,4236998.8,2021-04-06T14:05:30.109
AMC,10.61,4238235.8,2021-04-06T14:06:30.071
AMC,10.61,4177624,2021-04-06T14:07:30.219
AMC,10.61,4176985.5,2021-04-06T14:08:30.071
AMC,10.61,4215040.6,2021-04-06T14:09:30.033
AMC,10.61,4212479.1,2021-04-06T14:10:30.113
AMC,10.61,4222333.7,2021-04-06T14:11:30.244
AMC,10.61,4199083.4,2021-04-06T14:12:30.028
AMC,10.61,4201322.8,2021-04-06T14:13:30.126
AMC,10.61,4196990.4,2021-04-06T14:14:30.045
AMC,10.61,4195893,2021-04-06T14:15:30.338
AMC,10.61,4210046.3,2021-04-06T14:16:30.307
AMC,10.61,4214054.8,2021-04-06T14:17:30.132
AMC,10.61,4230873.4,2021-04-06T14:18:30.189
AMC,10.61,4194333.6,2021-04-06T14:19:32.758
AMC,10.61,4173020.7,2021-04-06T14:20:30.159
AMC,10.61,4190260,2021-04-06T14:21:30.956
AMC,10.61,4174124.5,2021-04-06T14:22:30.366
AMC,10.61,4175363.5,2021-04-06T14:23:30.210
AMC,10.61,4196373,2021-04-06T14:24:30.311
AMC,10.61,4137270.9,2021-04-06T14:25:30.235
AMC,10.61,4129636.3,2021-04-06T14:26:30.145
AMC,10.61,4150472.2,2021-04-06T14:27:30.512
AMC,10.61,4137903,2021-04-06T14:28:31.344
AMC,10.61,4150056.6,2021-04-06T14:29:30.179
AMC,10.61,4161149,2021-04-06T14:30:30.156
AMC,10.61,4166412,2021-04-06T14:31:30.257
AMC,10.61,4185403,2021-04-06T14:32:30.269
AMC,10.61,4287885,2021-04-06T14:33:30.271
AMC,10.61,4195487.6,2021-04-06T14:34:30.263
AMC,10.61,4197984.6,2021-04-06T14:35:30.194
AMC,10.61,4204949.1,2021-04-06T14:36:30.197
AMC,10.61,4194651.2,2021-04-06T14:45:32.156
AMC,10.61,4218035.8,2021-04-06T14:46:31.468
AMC,10.61,4199022.7,2021-04-06T14:47:30.424
AMC,10.61,4202893.1,2021-04-06T14:48:30.466
AMC,10.61,4232084.3,2021-04-06T14:49:30.472
AMC,10.61,4216905,2021-04-06T14:50:30.496
AMC,10.61,4219510.8,2021-04-06T14:51:31.348
AMC,10.61,4223200.1,2021-04-06T14:52:30.616
AMC,10.61,4221807.4,2021-04-06T14:53:30.574
AMC,10.61,4220449.1,2021-04-06T14:54:30.897
AMC,10.61,4214899.8,2021-04-06T14:55:31.050
AMC,10.61,4233565.8,2021-04-06T14:56:31.408
AMC,10.61,4243466.9,2021-04-06T14:57:30.793
AMC,10.61,4237212.3,2021-04-06T14:58:30.458
AMC,10.61,4230140.2,2021-04-06T14:59:30.530
AMC,10.61,4253868.1,2021-04-06T15:00:30.610
AMC,10.61,4247377,2021-04-06T15:01:31.780
AMC,10.61,4247263.6,2021-04-06T15:02:30.451
AMC,10.61,4247632.4,2021-04-06T15:03:30.397
AMC,10.61,4205483.1,2021-04-06T15:04:30.414
AMC,10.61,4194843.3,2021-04-06T15:05:30.548
AMC,10.61,4192269.5,2021-04-06T15:06:31.821
AMC,10.61,4155501.2,2021-04-06T15:07:31.317
AMC,10.61,4158552.9,2021-04-06T15:08:30.426
AMC,10.61,4159833.3,2021-04-06T15:09:30.483
AMC,10.61,4130404,2021-04-06T15:10:30.616
AMC,10.61,4152241,2021-04-06T15:11:32.046
AMC,10.61,4097055.3,2021-04-06T15:12:30.672
AMC,10.61,4159296.8,2021-04-06T15:13:30.560
AMC,10.61,4165254.8,2021-04-06T15:14:30.732
AMC,10.61,4172525.8,2021-04-06T15:15:30.712
AMC,10.61,4168887.3,2021-04-06T15:16:32.558
AMC,10.61,4170604.3,2021-04-06T15:30:52.795
AMC,10.61,4127600.4,2021-04-06T15:31:53.215
AMC,10.61,4129012.4,2021-04-06T15:32:52.299
AMC,10.61,4134406.4,2021-04-06T15:33:52.878
AMC,10.61,4142439.8,2021-04-06T15:34:52.373
AMC,10.61,4123069,2021-04-06T15:35:52.948
AMC,10.61,4125345.7,2021-04-06T15:36:53.367
AMC,10.61,4131891.8,2021-04-06T15:37:52.624
AMC,10.61,4141171.1,2021-04-06T15:38:52.464
AMC,10.61,4172539.4,2021-04-06T15:39:52.516
AMC,10.61,4146462,2021-04-06T15:40:52.363
AMC,10.61,4156138,2021-04-06T15:41:53.092
AMC,10.61,4160034.5,2021-04-06T15:42:52.520
AMC,10.61,4199175.2,2021-04-06T15:43:52.557
AMC,10.61,4178802.3,2021-04-06T15:44:53.072
AMC,10.61,4168998,2021-04-06T15:45:52.351
AMC,10.61,4145054.6,2021-04-06T15:47:53.507
AMC,10.61,4138997.1,2021-04-06T15:50:00.288
AMC,10.61,4125930.7,2021-04-06T15:51:00.463
AMC,10.61,4103893.4,2021-04-06T15:52:00.393
AMC,10.61,4138994.5,2021-04-06T15:53:00.138
AMC,10.61,4114889.2,2021-04-06T15:54:00.178
AMC,10.61,4124785.3,2021-04-06T15:55:00.323
AMC,10.61,4111654.1,2021-04-06T15:56:00.439
AMC,10.61,4126212.9,2021-04-06T15:57:00.472
AMC,10.61,4117732.6,2021-04-06T15:58:00.224
AMC,10.61,4109239.1,2021-04-06T15:59:01.164
AMC,10.61,4123409.9,2021-04-06T16:00:00.665
AMC,10.61,4119919.8,2021-04-06T16:01:00.413
AMC,10.61,4119919.8,2021-04-06T16:02:00.307
AMC,10.61,4119919.8,2021-04-06T16:03:00.380
AMC,10.61,4119919.8,2021-04-06T16:04:00.551
AMC,10.61,4119919.8,2021-04-06T16:05:00.324
AMC,10.61,4119919.8,2021-04-06T16:06:00.273
AMC,10.61,4119919.8,2021-04-06T16:07:00.386
AMC,10.61,4119919.8,2021-04-06T16:08:00.302
AMC,10.61,4119919.8,2021-04-06T16:09:00.221
AMC,10.61,4119919.8,2021-04-06T16:10:00.343
AMC,10.61,4119919.8,2021-04-06T16:11:00.270
AMC,10.61,4119919.8,2021-04-06T16:12:00.369
AMC,10.61,4119919.8,2021-04-06T16:13:00.214
AMC,10.61,4119919.8,2021-04-06T16:14:00.301
AMC,10.61,4119919.8,2021-04-06T16:15:00.288
AMC,10.61,4119919.8,2021-04-06T16:16:00.394
AMC,10.61,4119919.8,2021-04-06T16:17:00.309
AMC,10.61,4119919.8,2021-04-06T16:18:00.270
AMC,10.61,4119919.8,2021-04-06T16:19:52.112
AMC,10.61,4119919.8,2021-04-06T16:42:24.719
AMC,10.61,4119919.8,2021-04-06T16:46:15.786
AMC,10.2,2407479.8,2021-04-07T09:00:42.115
AMC,10.2,2407479.8,2021-04-07T09:01:41.336
AMC,10.2,2407479.8,2021-04-07T09:02:41.356
AMC,10.2,2407479.8,2021-04-07T09:03:41.184
AMC,10.2,2407479.8,2021-04-07T09:04:41.190
AMC,10.2,2407479.8,2021-04-07T09:05:41.181
AMC,10.2,2407479.8,2021-04-07T09:06:41.367
AMC,10.2,2407479.8,2021-04-07T09:07:41.356
AMC,10.2,2407479.8,2021-04-07T09:08:41.262
AMC,10.2,2407479.8,2021-04-07T09:09:41.338
AMC,10.2,2407479.8,2021-04-07T09:10:41.342
AMC,10.2,2407479.8,2021-04-07T09:11:41.345
AMC,10.2,2407479.8,2021-04-07T09:12:41.230
AMC,10.2,2407479.8,2021-04-07T09:13:41.301
AMC,10.2,2407479.8,2021-04-07T09:14:41.288
AMC,10.2,2407479.8,2021-04-07T09:15:41.332
AMC,10.2,2407479.8,2021-04-07T09:16:41.129
AMC,10.2,2407479.8,2021-04-07T09:17:41.176
AMC,10.2,2407479.8,2021-04-07T09:18:41.340
AMC,10.2,2407479.8,2021-04-07T09:19:41.164
AMC,10.2,2407479.8,2021-04-07T09:20:41.223
AMC,10.2,2407479.8,2021-04-07T09:21:41.428
AMC,10.2,2407479.8,2021-04-07T09:22:41.464
AMC,10.2,2407479.8,2021-04-07T09:23:41.254
AMC,10.2,2407479.8,2021-04-07T09:24:41.601
AMC,10.2,2407479.8,2021-04-07T09:25:41.346
AMC,10.2,2407479.8,2021-04-07T09:26:41.347
AMC,10.2,2407479.8,2021-04-07T09:27:41.444
AMC,10.2,2407479.8,2021-04-07T09:28:41.422
AMC,10.2,2407479.8,2021-04-07T09:29:41.583
AMC,10.2,2407479.8,2021-04-07T09:30:41.845
AMC,10.2,4184334.9,2021-04-07T09:31:41.559
AMC,10.2,4132509.5,2021-04-07T09:32:41.383
AMC,10.2,4149625.2,2021-04-07T09:33:42.074
AMC,10.2,4118383.9,2021-04-07T09:34:42.073
AMC,10.2,4108103.9,2021-04-07T09:35:41.467
AMC,10.2,4091398.9,2021-04-07T09:36:41.509
AMC,10.2,4199671.4,2021-04-07T09:37:41.556
AMC,10.2,4277954.7,2021-04-07T09:38:41.444
AMC,10.2,4236326.6,2021-04-07T09:39:41.580
AMC,10.2,4192825.2,2021-04-07T09:40:41.574
AMC,10.2,4229122,2021-04-07T09:41:41.552
AMC,10.2,4277457.6,2021-04-07T09:42:41.544
AMC,10.2,4265705.4,2021-04-07T09:43:41.613
AMC,10.2,4286180,2021-04-07T09:44:41.635
AMC,10.2,4252402.9,2021-04-07T09:45:42.062
AMC,10.2,4287470.7,2021-04-07T09:46:41.484
AMC,10.2,4295946,2021-04-07T09:47:42.164
AMC,10.2,4277523.5,2021-04-07T09:48:42.539
AMC,10.2,4237883,2021-04-07T09:49:41.682
AMC,10.2,4243855.1,2021-04-07T09:50:41.797
AMC,10.2,4266049,2021-04-07T09:51:42.281
AMC,10.2,4220394.9,2021-04-07T09:52:41.811
AMC,10.2,4159828,2021-04-07T09:53:41.666
AMC,10.2,4209708.8,2021-04-07T09:54:41.732
AMC,10.2,4209128,2021-04-07T09:55:41.664
AMC,10.2,4190232.2,2021-04-07T09:56:41.802
AMC,10.2,4235831.6,2021-04-07T09:57:41.708
AMC,10.2,4261130.5,2021-04-07T09:58:42.805
AMC,10.2,4268734,2021-04-07T09:59:41.663
AMC,10.2,4266560.2,2021-04-07T10:00:42.419
AMC,10.2,4271727.4,2021-04-07T10:01:41.928
AMC,10.2,4262260.4,2021-04-07T10:02:42.826
AMC,10.2,4267407.3,2021-04-07T10:03:42.269
AMC,10.2,4259818.5,2021-04-07T10:04:41.934
AMC,10.2,4282140.2,2021-04-07T10:05:41.608
AMC,10.2,4379162.6,2021-04-07T10:06:41.851
AMC,10.2,4388321.9,2021-04-07T10:07:41.750
AMC,10.2,4409849.3,2021-04-07T10:08:41.793
AMC,10.2,4400086.2,2021-04-07T10:09:42.388
AMC,10.2,4445133.4,2021-04-07T10:10:41.679
AMC,10.2,4445164.4,2021-04-07T10:11:41.874
AMC,10.2,4437062.8,2021-04-07T10:12:41.862
AMC,10.2,4447108.7,2021-04-07T10:13:41.890
AMC,10.2,4445824,2021-04-07T10:14:41.777
AMC,10.2,4449692.5,2021-04-07T10:15:41.901
AMC,10.2,4473283.1,2021-04-07T10:16:41.734
AMC,10.2,4453694.7,2021-04-07T10:17:41.818
AMC,10.2,4398252.9,2021-04-07T10:18:41.983
AMC,10.2,4420995.4,2021-04-07T10:19:41.875
AMC,10.2,4403962,2021-04-07T10:20:42.064
AMC,10.2,4389342.5,2021-04-07T10:21:41.761
AMC,10.2,4379040,2021-04-07T10:22:41.704
AMC,10.2,4381290.6,2021-04-07T10:23:41.825
AMC,10.2,4451817.7,2021-04-07T10:24:41.981
AMC,10.2,4431531.8,2021-04-07T10:25:41.882
AMC,10.2,4421608.6,2021-04-07T10:26:41.840
AMC,10.2,4418026.9,2021-04-07T10:27:41.938
AMC,10.2,4395521.4,2021-04-07T10:28:41.838
AMC,10.2,4404079,2021-04-07T10:29:41.829
AMC,10.2,4395188.5,2021-04-07T10:30:42.152
AMC,10.2,4364386.1,2021-04-07T10:31:43.471
AMC,10.2,4317415.4,2021-04-07T10:32:42.028
AMC,10.2,4329393.9,2021-04-07T10:33:41.884
AMC,10.2,4352003.2,2021-04-07T10:34:41.815
AMC,10.2,4324809.3,2021-04-07T10:35:42.133
AMC,10.2,4353577.2,2021-04-07T10:36:42.027
AMC,10.2,4330665.2,2021-04-07T10:37:42.087
AMC,10.2,4338886.7,2021-04-07T10:38:41.929
AMC,10.2,4300942.2,2021-04-07T10:39:41.963
AMC,10.2,4299452,2021-04-07T10:40:42.220
AMC,10.2,4313762.6,2021-04-07T10:41:42.694
AMC,10.2,4326957.7,2021-04-07T10:42:42.042
AMC,10.2,4344514.8,2021-04-07T10:43:41.960
AMC,10.2,4338844,2021-04-07T10:44:41.999
AMC,10.2,4337649.9,2021-04-07T10:45:42.102
AMC,10.2,3611016.2,2021-04-07T10:46:42.021
AMC,10.2,4363478.9,2021-04-07T10:47:42.017
AMC,10.2,4290101.2,2021-04-07T10:48:41.979
AMC,10.2,4300659.6,2021-04-07T10:49:41.964
AMC,10.2,4297273,2021-04-07T10:50:42.149
AMC,10.2,4298582.2,2021-04-07T10:51:42.114
AMC,10.2,4295216.4,2021-04-07T10:52:42.433
AMC,10.2,4226603,2021-04-07T10:53:42.091
AMC,10.2,4265204.3,2021-04-07T10:54:42.095
AMC,10.2,4214045.7,2021-04-07T10:55:42.039
AMC,10.2,4280579.7,2021-04-07T10:56:42.026
AMC,10.2,4225534.5,2021-04-07T10:57:41.860
AMC,10.2,4261678,2021-04-07T10:58:42.056
AMC,10.2,4267968.8,2021-04-07T10:59:42.135
AMC,10.2,4286725.3,2021-04-07T11:00:42.365
AMC,10.2,4299526.3,2021-04-07T11:01:42.207
AMC,10.2,4281424.8,2021-04-07T11:02:41.996
AMC,10.2,4273156.3,2021-04-07T11:03:42.089
AMC,10.2,4262019.5,2021-04-07T11:04:42.143
AMC,10.2,4217219.1,2021-04-07T11:05:42.026
AMC,10.2,4228145.1,2021-04-07T11:06:42.088
AMC,10.2,4215840.9,2021-04-07T11:07:41.961
AMC,10.2,4218384.3,2021-04-07T11:08:42.005
AMC,10.2,4220431.2,2021-04-07T11:09:42.060
AMC,10.2,4172449.1,2021-04-07T11:10:41.960
AMC,10.2,4192587.2,2021-04-07T11:11:42.235
AMC,10.2,4214633.3,2021-04-07T11:12:42.077
AMC,10.2,4233096.5,2021-04-07T11:13:42.044
AMC,10.2,4248566.5,2021-04-07T11:14:42.272
AMC,10.2,4218568.4,2021-04-07T11:15:41.972
AMC,10.2,4207438.2,2021-04-07T11:16:42.095
AMC,10.2,4210366,2021-04-07T11:17:42.377
AMC,10.2,4193047.1,2021-04-07T11:18:42.204
AMC,10.2,4209868.8,2021-04-07T11:19:42.822
AMC,10.2,4193116.2,2021-04-07T11:20:42.029
AMC,10.2,4200459,2021-04-07T11:21:42.174
AMC,10.2,4182553.1,2021-04-07T11:22:43.047
AMC,10.2,4181613.4,2021-04-07T11:23:42.127
AMC,10.2,4197053.4,2021-04-07T11:24:42.047
AMC,10.2,4182818.1,2021-04-07T11:25:42.139
AMC,10.2,4184613.2,2021-04-07T11:26:42.249
AMC,10.2,4067550.4,2021-04-07T11:27:42.070
AMC,10.2,4050717,2021-04-07T11:28:43.156
AMC,10.2,4017233,2021-04-07T11:29:42.458
AMC,10.2,4052422.5,2021-04-07T11:30:43.342
AMC,10.2,4042827.5,2021-04-07T11:31:42.472
AMC,10.2,4083471.5,2021-04-07T11:32:42.118
AMC,10.2,4074463.6,2021-04-07T11:33:42.096
AMC,10.2,4153675.1,2021-04-07T11:34:41.891
AMC,10.2,4140140.9,2021-04-07T11:35:42.082
AMC,10.2,4189004,2021-04-07T11:36:42.252
AMC,10.2,4172875.2,2021-04-07T11:37:42.229
AMC,10.2,4198565.9,2021-04-07T11:38:42.200
AMC,10.2,4287426.7,2021-04-07T11:39:42.167
AMC,10.2,4152435.3,2021-04-07T11:40:42.236
AMC,10.2,4158145.8,2021-04-07T11:41:42.104
AMC,10.2,4207266.9,2021-04-07T11:42:42.358
AMC,10.2,4161997.8,2021-04-07T11:43:42.983
AMC,10.2,4193507.3,2021-04-07T11:44:42.438
AMC,10.2,4159277.2,2021-04-07T11:45:42.094
AMC,10.2,4166814.4,2021-04-07T11:46:42.043
AMC,10.2,4194948.2,2021-04-07T11:47:42.530
AMC,10.2,4159859.2,2021-04-07T11:48:42.363
AMC,10.2,4175098.6,2021-04-07T11:49:42.423
AMC,10.2,4166676.2,2021-04-07T11:50:42.129
AMC,10.2,4134342.2,2021-04-07T11:51:42.254
AMC,10.2,4090788.9,2021-04-07T11:52:42.707
AMC,10.2,4086483.6,2021-04-07T11:53:42.797
AMC,10.2,4065067.6,2021-04-07T11:54:42.763
AMC,10.2,4058670.3,2021-04-07T11:55:42.306
AMC,10.2,4070079.3,2021-04-07T11:56:42.264
AMC,10.2,4083025.8,2021-04-07T11:57:42.242
AMC,10.2,4074677.3,2021-04-07T11:58:42.193
AMC,10.2,4083838.9,2021-04-07T11:59:42.864
AMC,10.2,4068302.2,2021-04-07T12:00:42.657
AMC,10.2,4112232.9,2021-04-07T12:01:42.450
AMC,10.2,4147158.2,2021-04-07T12:02:42.687
AMC,10.2,4184723.5,2021-04-07T12:03:42.331
AMC,10.2,4149717.5,2021-04-07T12:04:43.147
AMC,10.2,4129685.8,2021-04-07T12:05:42.245
AMC,10.2,4134893.6,2021-04-07T12:06:42.165
AMC,10.2,4122844.6,2021-04-07T12:07:42.380
AMC,10.2,4130127.6,2021-04-07T12:08:42.868
AMC,10.2,4141143.9,2021-04-07T12:09:43.277
AMC,10.2,4120208.2,2021-04-07T12:10:42.379
AMC,10.2,4070627.2,2021-04-07T12:11:42.412
AMC,10.2,4115976.7,2021-04-07T12:12:42.346
AMC,10.2,4086333.9,2021-04-07T12:13:42.333
AMC,10.2,4100221,2021-04-07T12:14:43.258
AMC,10.2,4107894.3,2021-04-07T12:15:42.507
AMC,10.2,4113097.9,2021-04-07T12:16:42.570
AMC,10.2,4063574.2,2021-04-07T12:17:42.346
AMC,10.2,4094303.5,2021-04-07T12:18:42.518
AMC,10.2,4014426.6,2021-04-07T12:19:43.283
AMC,10.2,3978983.9,2021-04-07T12:20:42.356
AMC,10.2,4053057.8,2021-04-07T12:21:42.388
AMC,10.2,4042332.8,2021-04-07T12:22:42.353
AMC,10.2,4066871.8,2021-04-07T12:23:43.007
AMC,10.2,4085984.8,2021-04-07T12:24:43.684
AMC,10.2,4088129.7,2021-04-07T12:25:42.601
AMC,10.2,4142219.7,2021-04-07T12:26:42.416
AMC,10.2,4147876.7,2021-04-07T12:27:42.849
AMC,10.2,4138860.1,2021-04-07T12:28:42.700
AMC,10.2,4096890.4,2021-04-07T12:29:43.922
AMC,10.2,4097992,2021-04-07T12:30:42.475
AMC,10.2,4123133.4,2021-04-07T12:31:42.880
AMC,10.2,4152827.8,2021-04-07T12:32:42.480
AMC,10.2,4157701.5,2021-04-07T12:33:42.506
AMC,10.2,4168654.3,2021-04-07T12:34:44.109
AMC,10.2,4164505.1,2021-04-07T12:35:42.661
AMC,10.2,4169982,2021-04-07T12:36:42.530
AMC,10.2,4117846,2021-04-07T12:37:42.582
AMC,10.2,4107654.6,2021-04-07T12:38:42.507
AMC,10.2,4115143.8,2021-04-07T12:39:44.120
AMC,10.2,4123674.6,2021-04-07T12:40:42.700
AMC,10.2,4114991,2021-04-07T12:41:42.662
AMC,10.2,4111409.2,2021-04-07T12:42:42.628
AMC,10.2,4101704.6,2021-04-07T12:43:42.475
AMC,10.2,4105375.3,2021-04-07T12:44:44.352
AMC,10.2,4118381.2,2021-04-07T12:45:42.810
AMC,10.2,4137917.4,2021-04-07T12:46:43.691
AMC,10.2,4186869.8,2021-04-07T12:47:42.696
AMC,10.2,4162227.7,2021-04-07T12:48:43.442
AMC,10.2,4191011.4,2021-04-07T12:49:44.693
AMC,10.2,4183367.6,2021-04-07T12:50:42.541
AMC,10.2,4169230.9,2021-04-07T12:51:43.177
AMC,10.2,4147539,2021-04-07T12:52:42.651
AMC,10.2,4058326.6,2021-04-07T12:53:42.438
AMC,10.2,4076787.3,2021-04-07T12:54:44.903
AMC,10.2,4149132.1,2021-04-07T12:55:42.742
AMC,10.2,4125290.8,2021-04-07T12:56:42.748
AMC,10.2,4112654.2,2021-04-07T12:57:42.484
AMC,10.2,4131903.8,2021-04-07T12:58:43.204
AMC,10.2,4146981.8,2021-04-07T12:59:45.266
AMC,10.2,4156883.8,2021-04-07T13:00:42.790
AMC,10.2,4182174.6,2021-04-07T13:01:42.665
AMC,10.2,4173075.7,2021-04-07T13:02:42.837
AMC,10.2,4190646.3,2021-04-07T13:03:43.520
AMC,10.2,4186873.5,2021-04-07T13:04:45.397
AMC,10.2,4167003.4,2021-04-07T13:05:42.715
AMC,10.2,4167115.5,2021-04-07T13:06:42.654
AMC,10.2,4176540.6,2021-04-07T13:07:42.907
AMC,10.2,4181010.5,2021-04-07T13:08:42.823
AMC,10.2,4156777.9,2021-04-07T13:09:44.217
AMC,10.2,4150798,2021-04-07T13:10:42.768
AMC,10.2,4171039.3,2021-04-07T13:11:42.813
AMC,10.2,4146415.8,2021-04-07T13:12:42.595
AMC,10.2,4136302.4,2021-04-07T13:13:42.646
AMC,10.2,4152653.5,2021-04-07T13:14:43.963
AMC,10.2,4203003.5,2021-04-07T13:15:42.698
AMC,10.2,4171085.3,2021-04-07T13:16:43.344
AMC,10.2,4151125.5,2021-04-07T13:17:42.890
AMC,10.2,4167887,2021-04-07T13:18:42.779
AMC,10.2,4164562.6,2021-04-07T13:19:43.770
AMC,10.2,4174033.7,2021-04-07T13:20:42.731
AMC,10.2,4149202.5,2021-04-07T13:21:42.902
AMC,10.2,4171078.8,2021-04-07T13:22:43.002
AMC,10.2,4158489.3,2021-04-07T13:23:42.918
AMC,10.2,4170273.7,2021-04-07T13:24:42.943
AMC,10.2,4160536.9,2021-04-07T13:25:42.870
AMC,10.2,4190866.7,2021-04-07T13:26:42.870
AMC,10.2,4188402.4,2021-04-07T13:27:43.642
AMC,10.2,4170432.4,2021-04-07T13:28:42.864
AMC,10.2,4167866.8,2021-04-07T13:29:42.705
AMC,10.2,4177973.2,2021-04-07T13:30:42.681
AMC,10.2,4184248.7,2021-04-07T13:31:42.982
AMC,10.2,4177911.7,2021-04-07T13:32:43.133
AMC,10.2,4172769.1,2021-04-07T13:33:42.729
AMC,10.2,4179602.1,2021-04-07T13:34:42.888
AMC,10.2,4220585.5,2021-04-07T13:35:43.058
AMC,10.2,4200158.8,2021-04-07T13:36:42.992
AMC,10.2,4219334.1,2021-04-07T13:37:42.743
AMC,10.2,4221259.2,2021-04-07T13:38:43.295
AMC,10.2,4218234.4,2021-04-07T13:39:43.681
AMC,10.2,4193963.5,2021-04-07T13:40:42.743
AMC,10.2,4216120.5,2021-04-07T13:41:42.981
AMC,10.2,4243632.5,2021-04-07T13:42:43.521
AMC,10.2,4246983.4,2021-04-07T13:43:43.288
AMC,10.2,4229346.5,2021-04-07T13:44:43.084
AMC,10.2,4234139.5,2021-04-07T13:45:43.107
AMC,10.2,4251992.2,2021-04-07T13:46:43.061
AMC,10.2,4224272.1,2021-04-07T13:47:42.844
AMC,10.2,4274254.6,2021-04-07T13:48:42.858
AMC,10.2,4243876.3,2021-04-07T13:49:43.169
AMC,10.2,4255797.1,2021-04-07T13:50:43.028
AMC,10.2,4243399,2021-04-07T13:51:42.913
AMC,10.2,4276014.9,2021-04-07T13:52:42.976
AMC,10.2,4195749.4,2021-04-07T13:53:43.224
AMC,10.2,4182078.8,2021-04-07T13:54:43.340
AMC,10.2,4207183.1,2021-04-07T13:55:43.214
AMC,10.2,4208715.6,2021-04-07T13:56:42.897
AMC,10.2,4225174.3,2021-04-07T13:57:43.835
AMC,10.2,4208444.1,2021-04-07T13:58:42.918
AMC,10.2,4222660.4,2021-04-07T13:59:43.666
AMC,10.2,4212601.6,2021-04-07T14:00:43.538
AMC,10.2,4194854.3,2021-04-07T14:01:43.050
AMC,10.2,4211800.3,2021-04-07T14:02:43.192
AMC,10.2,4232223.1,2021-04-07T14:03:42.907
AMC,10.2,4198385.5,2021-04-07T14:04:43.351
AMC,10.2,4192728.7,2021-04-07T14:05:43.222
AMC,10.2,4187600.7,2021-04-07T14:06:43.153
AMC,10.2,4198747.8,2021-04-07T14:07:43.555
AMC,10.2,4198852.7,2021-04-07T14:08:43.123
AMC,10.2,4201485.8,2021-04-07T14:09:43.127
AMC,10.2,4228833.5,2021-04-07T14:10:42.931
AMC,10.2,4243966.1,2021-04-07T14:11:43.773
AMC,10.2,4247611.5,2021-04-07T14:12:43.291
AMC,10.2,4229509.2,2021-04-07T14:13:43.180
AMC,10.2,4284451.7,2021-04-07T14:14:43.162
AMC,10.2,4309004,2021-04-07T14:15:43.186
AMC,10.2,4267700.8,2021-04-07T14:16:43.297
AMC,10.2,4251569.1,2021-04-07T14:17:43.245
AMC,10.2,4246583.3,2021-04-07T14:18:43.125
AMC,10.2,4246738.6,2021-04-07T14:19:43.008
AMC,10.2,4227013,2021-04-07T14:20:43.030
AMC,10.2,4148550.2,2021-04-07T14:21:43.498
AMC,10.2,4181316.4,2021-04-07T14:22:43.154
AMC,10.2,4175223.4,2021-04-07T14:23:43.318
AMC,10.2,4178524.1,2021-04-07T14:24:43.241
AMC,10.2,4164342.3,2021-04-07T14:25:43.107
AMC,10.2,4162767.6,2021-04-07T14:26:43.365
AMC,10.2,4170846.9,2021-04-07T14:27:43.217
AMC,10.2,4178250.3,2021-04-07T14:28:43.384
AMC,10.2,4182236.3,2021-04-07T14:29:43.543
AMC,10.2,4183016.5,2021-04-07T14:30:43.772
AMC,10.2,4162389.4,2021-04-07T14:31:43.589
AMC,10.2,4186925,2021-04-07T14:32:43.452
AMC,10.2,4219985.9,2021-04-07T14:33:43.251
AMC,10.2,4230947.9,2021-04-07T14:34:43.331
AMC,10.2,4277685.9,2021-04-07T14:35:43.468
AMC,10.2,4199941.3,2021-04-07T14:36:43.162
AMC,10.2,4207456.2,2021-04-07T14:37:44.228
AMC,10.2,4211651.3,2021-04-07T14:38:44.114
AMC,10.2,4196041.2,2021-04-07T14:39:43.865
AMC,10.2,4167417.8,2021-04-07T14:40:43.275
AMC,10.2,4163001.5,2021-04-07T14:41:44.192
AMC,10.2,4171702.1,2021-04-07T14:42:43.320
AMC,10.2,4174134.4,2021-04-07T14:43:43.347
AMC,10.2,4190946.9,2021-04-07T14:44:43.100
AMC,10.2,4169616.5,2021-04-07T14:45:43.429
AMC,10.2,4134861.6,2021-04-07T14:46:43.458
AMC,10.2,4137779.5,2021-04-07T14:47:43.440
AMC,10.2,4131989.1,2021-04-07T14:48:43.343
AMC,10.2,4151783.4,2021-04-07T14:49:43.515
AMC,10.2,4138889.4,2021-04-07T14:50:43.621
AMC,10.2,4157635.9,2021-04-07T14:51:43.308
AMC,10.2,4220654.1,2021-04-07T14:52:43.726
AMC,10.2,4162408,2021-04-07T14:53:43.739
AMC,10.2,4150599.9,2021-04-07T14:54:44.104
AMC,10.2,4158672.9,2021-04-07T14:55:43.402
AMC,10.2,4162081.4,2021-04-07T14:56:43.427
AMC,10.2,4145597.2,2021-04-07T14:57:44.079
AMC,10.2,4127689,2021-04-07T14:58:43.354
AMC,10.2,4114548.1,2021-04-07T14:59:43.549
AMC,10.2,4123869.7,2021-04-07T15:00:43.530
AMC,10.2,4087756.2,2021-04-07T15:01:43.864
AMC,10.2,4102688.6,2021-04-07T15:02:44.189
AMC,10.2,4093393.7,2021-04-07T15:03:43.534
AMC,10.2,4100052.1,2021-04-07T15:04:43.869
AMC,10.2,4103435.8,2021-04-07T15:05:43.651
AMC,10.2,4114090.9,2021-04-07T15:06:43.606
AMC,10.2,4096451.6,2021-04-07T15:07:43.732
AMC,10.2,4099377.5,2021-04-07T15:08:43.561
AMC,10.2,4117931.5,2021-04-07T15:09:43.589
AMC,10.2,4123255.5,2021-04-07T15:10:43.540
AMC,10.2,4113770.6,2021-04-07T15:11:44.204
AMC,10.2,4139439.6,2021-04-07T15:12:44.159
AMC,10.2,4092266.5,2021-04-07T15:13:43.723
AMC,10.2,4102099.4,2021-04-07T15:14:43.683
AMC,10.2,4072369.9,2021-04-07T15:15:43.575
AMC,10.2,4100692,2021-04-07T15:16:43.637
AMC,10.2,4028126.8,2021-04-07T15:17:43.644
AMC,10.2,4009135.6,2021-04-07T15:18:43.636
AMC,10.2,4016414.9,2021-04-07T15:19:43.641
AMC,10.2,4035363.7,2021-04-07T15:20:44.032
AMC,10.2,3983600.4,2021-04-07T15:21:43.655
AMC,10.2,3975318,2021-04-07T15:22:44.405
AMC,10.2,3963559.8,2021-04-07T15:23:43.669
AMC,10.2,4029377.8,2021-04-07T15:24:44.261
AMC,10.2,4021672,2021-04-07T15:25:43.479
AMC,10.2,4038571.9,2021-04-07T15:26:43.804
AMC,10.2,4023724.2,2021-04-07T15:27:43.790
AMC,10.2,4006851.3,2021-04-07T15:28:44.281
AMC,10.2,4005203.2,2021-04-07T15:29:43.723
AMC,10.2,3994888.2,2021-04-07T15:30:43.751
AMC,10.2,4002521.8,2021-04-07T15:31:43.885
AMC,10.2,3985783.3,2021-04-07T15:32:43.651
AMC,10.2,3973225.1,2021-04-07T15:33:43.730
AMC,10.2,3963590.8,2021-04-07T15:34:44.588
AMC,10.2,3938226.8,2021-04-07T15:35:43.878
AMC,10.2,3923540.5,2021-04-07T15:36:43.929
AMC,10.2,3952820.7,2021-04-07T15:37:43.802
AMC,10.2,3989666.5,2021-04-07T15:38:43.791
AMC,10.2,3994678.2,2021-04-07T15:39:43.682
AMC,10.2,4004791.4,2021-04-07T15:40:43.834
AMC,10.2,3993748.3,2021-04-07T15:41:43.792
AMC,10.2,3987050.2,2021-04-07T15:42:43.911
AMC,10.2,4004461.1,2021-04-07T15:43:43.794
AMC,10.2,4025576,2021-04-07T15:44:43.958
AMC,10.2,4036697,2021-04-07T15:45:43.999
AMC,10.2,4029202.3,2021-04-07T15:46:43.766
AMC,10.2,4020195.8,2021-04-07T15:47:43.982
AMC,10.2,4021638.5,2021-04-07T15:48:43.726
AMC,10.2,4000847.3,2021-04-07T15:49:43.829
AMC,10.2,4008895.9,2021-04-07T15:50:43.858
AMC,10.2,3991879.3,2021-04-07T15:51:43.810
AMC,10.2,3994192.3,2021-04-07T15:52:43.959
AMC,10.2,3955149.9,2021-04-07T15:53:43.796
AMC,10.2,3977494.6,2021-04-07T15:54:43.853
AMC,10.2,3978641.3,2021-04-07T15:55:45.372
AMC,10.2,3936624,2021-04-07T15:56:44.278
AMC,10.2,3954574.1,2021-04-07T15:57:43.993
AMC,10.2,3919520.1,2021-04-07T15:58:43.885
AMC,10.2,3963548.2,2021-04-07T15:59:43.888
AMC,10.2,3916020.5,2021-04-07T16:00:43.831
AMC,10.2,3916020.5,2021-04-07T16:01:44.550
AMC,10.2,3916020.5,2021-04-07T16:02:43.725
AMC,10.2,3916020.5,2021-04-07T16:03:44.160
AMC,10.2,3916020.5,2021-04-07T16:04:43.830
AMC,10.2,3916020.5,2021-04-07T16:05:43.880
AMC,10.2,3916020.5,2021-04-07T16:06:43.837
AMC,10.2,3916020.5,2021-04-07T16:07:44.292
AMC,10.2,3916020.5,2021-04-07T16:08:43.838
AMC,10.2,3916020.5,2021-04-07T16:09:43.851
AMC,10.2,3916020.5,2021-04-07T16:10:44.109
AMC,10.2,3916020.5,2021-04-07T16:11:44.282
AMC,10.2,3916020.5,2021-04-07T16:12:44.586
AMC,10.2,3916020.5,2021-04-07T16:13:43.922
AMC,10.2,3916020.5,2021-04-07T16:14:44.977
AMC,10.2,3916020.5,2021-04-07T16:15:44.684
AMC,10.2,3916020.5,2021-04-07T16:16:44.775
AMC,10.2,3916020.5,2021-04-07T16:17:43.995
AMC,10.2,3916020.5,2021-04-07T16:18:43.958
AMC,10.2,3916020.5,2021-04-07T16:19:43.880
AMC,10.2,3916020.5,2021-04-07T16:20:43.961
AMC,10.2,3916020.5,2021-04-07T16:21:43.843
AMC,10.2,3916020.5,2021-04-07T16:22:44.175
AMC,10.2,3916020.5,2021-04-07T16:23:43.860
AMC,10.2,3916020.5,2021-04-07T16:24:44.288
AMC,10.2,3916020.5,2021-04-07T16:25:43.874
AMC,10.2,3916020.5,2021-04-07T16:26:44.185
AMC,10.2,3916020.5,2021-04-07T16:27:43.963
AMC,10.2,3916020.5,2021-04-07T16:28:44.050
AMC,10.2,3916020.5,2021-04-07T16:29:44.067
AMC,10.2,3916020.5,2021-04-07T16:30:43.874
AMC,10.2,3916020.5,2021-04-07T16:31:44.307
AMC,10.2,3916020.5,2021-04-07T16:32:44.151
AMC,10.2,3916020.5,2021-04-07T16:33:44.250
AMC,10.2,3916020.5,2021-04-07T16:34:44.081
AMC,10.2,3916020.5,2021-04-07T16:35:44.123
AMC,10.2,3916020.5,2021-04-07T16:36:44
AMC,10.2,3916020.5,2021-04-07T16:37:43.987
AMC,10.2,3916020.5,2021-04-07T16:38:43.951
AMC,10.2,3916020.5,2021-04-07T16:39:44.076
AMC,10.2,3916020.5,2021-04-07T16:40:44.169
AMC,10.2,3916020.5,2021-04-07T16:41:44.039
AMC,10.2,3916020.5,2021-04-07T16:42:44.060
AMC,10.2,3916020.5,2021-04-07T16:43:44.366
AMC,10.2,3916020.5,2021-04-07T16:44:44.085
AMC,10.2,3916020.5,2021-04-07T16:45:44.121
AMC,10.2,3916020.5,2021-04-07T16:46:44.071
AMC,10.2,3916020.5,2021-04-07T16:47:44.460
AMC,10.2,3916020.5,2021-04-07T16:48:44.299
AMC,10.2,3916020.5,2021-04-07T16:49:44.044
AMC,10.2,3916020.5,2021-04-07T16:50:44.339
AMC,10.2,3916020.5,2021-04-07T16:51:44.264
AMC,10.2,3916020.5,2021-04-07T16:52:44.144
AMC,10.2,3916020.5,2021-04-07T16:53:44.186
AMC,10.2,3916020.5,2021-04-07T16:54:44.306
AMC,10.2,3916020.5,2021-04-07T16:55:44.167
AMC,10.2,3916020.5,2021-04-07T16:56:44.241
AMC,10.2,3916020.5,2021-04-07T16:57:44.130
AMC,10.2,3916020.5,2021-04-07T16:58:44.032
AMC,10.2,3916020.5,2021-04-07T16:59:44.133
AMC,10.2,3916020.5,2021-04-07T17:00:44.161
AMC,10.2,3916020.5,2021-04-07T17:01:44.416
AMC,10.2,3916020.5,2021-04-07T17:02:44.248
AMC,10.2,3916020.5,2021-04-07T17:03:44.104
AMC,10.2,3916020.5,2021-04-07T17:04:44.386
AMC,10.2,3916020.5,2021-04-07T17:05:44.062
AMC,10.2,3916020.5,2021-04-07T17:06:44.163
AMC,10.2,3916020.5,2021-04-07T17:07:44.227
AMC,10.2,3916020.5,2021-04-07T17:08:44.215
AMC,10.2,3916020.5,2021-04-07T17:09:44.039
AMC,10.2,3916020.5,2021-04-07T17:10:44.168
AMC,10.2,3916020.5,2021-04-07T17:11:44.395
AMC,10.2,3916020.5,2021-04-07T17:12:44.291
AMC,10.2,3916020.5,2021-04-07T17:13:44.198
AMC,10.2,3916020.5,2021-04-07T17:14:44.378
AMC,10.2,3916020.5,2021-04-07T17:15:44.289
AMC,10.2,3916020.5,2021-04-07T17:16:44.158
AMC,10.2,3916020.5,2021-04-07T17:17:44.396
AMC,10.2,3916020.5,2021-04-07T17:18:45.031
AMC,10.2,3916020.5,2021-04-07T17:19:44.311
AMC,10.2,3916020.5,2021-04-07T17:20:44.419
AMC,10.2,3916020.5,2021-04-07T17:21:44.370
AMC,10.2,3916020.5,2021-04-07T17:22:44.329
AMC,10.2,3916020.5,2021-04-07T17:23:44.175
AMC,10.2,3916020.5,2021-04-07T17:24:44.600
AMC,9.85,2332692.5,2021-04-08T09:28:28.103
AMC,9.85,2332692.5,2021-04-08T09:29:27.369
AMC,9.85,2332692.5,2021-04-08T09:30:27.406
AMC,9.85,4321841.6,2021-04-08T09:31:27.559
AMC,9.85,4177533.5,2021-04-08T09:32:27.466
AMC,9.85,4218677.8,2021-04-08T09:33:27.577
AMC,9.85,4136735.9,2021-04-08T09:34:27.447
AMC,9.85,4542442.3,2021-04-08T09:35:27.639
AMC,9.85,3453878.8,2021-04-08T09:36:27.687
AMC,9.85,3898051,2021-04-08T09:37:27.962
AMC,9.85,3978560.8,2021-04-08T09:38:27.686
AMC,9.85,4038771.7,2021-04-08T09:39:27.491
AMC,9.85,3917419.3,2021-04-08T09:40:27.624
AMC,9.85,3909112.7,2021-04-08T09:41:27.567
AMC,9.85,4241540.1,2021-04-08T09:42:27.954
AMC,9.85,4087548.7,2021-04-08T09:43:27.538
AMC,9.85,3993293.2,2021-04-08T09:44:28.125
AMC,9.85,4013294.1,2021-04-08T09:45:27.568
AMC,9.85,3976553.6,2021-04-08T09:46:27.546
AMC,9.85,3918713.6,2021-04-08T09:47:28.032
AMC,9.85,3699563.5,2021-04-08T09:48:27.727
AMC,9.85,3675754.8,2021-04-08T09:49:28.563
AMC,9.85,3704369.4,2021-04-08T09:50:27.606
AMC,9.85,3692502.8,2021-04-08T09:51:29.338
AMC,9.85,3828299.1,2021-04-08T09:52:27.708
AMC,9.85,3884912.5,2021-04-08T09:53:27.450
AMC,9.85,3892426,2021-04-08T09:54:27.440
AMC,9.85,3914847.8,2021-04-08T09:55:26.912
AMC,9.85,3992175.3,2021-04-08T09:56:27.580
AMC,9.85,3996356.8,2021-04-08T09:57:27.658
AMC,9.85,5458514.3,2021-04-08T09:58:30.867
AMC,9.85,4093194.1,2021-04-08T09:59:27.945
AMC,9.85,4068013.1,2021-04-08T10:00:27.973
AMC,9.85,2156928.2,2021-04-08T10:01:27.987
AMC,9.85,3985776.4,2021-04-08T10:02:28.141
AMC,9.85,3897978.1,2021-04-08T10:03:27.699
AMC,9.85,3938910.9,2021-04-08T10:04:27.814
AMC,9.85,3930065,2021-04-08T10:05:27.832
AMC,9.85,3871292.7,2021-04-08T10:06:27.585
AMC,9.85,3817496.3,2021-04-08T10:07:27.780
AMC,9.85,3791571.7,2021-04-08T10:08:27.707
AMC,9.85,3850188.5,2021-04-08T10:09:28.208
AMC,9.85,3866510,2021-04-08T10:10:28.668
AMC,9.85,3824187.1,2021-04-08T10:11:27.738
AMC,9.85,3795252.7,2021-04-08T10:12:26.949
AMC,9.85,3669722.4,2021-04-08T10:13:27.867
AMC,9.85,3765995.5,2021-04-08T10:14:27.710
AMC,9.85,3754590.6,2021-04-08T10:15:27.884
AMC,9.85,3744361.5,2021-04-08T10:16:27.669
AMC,9.85,3725047,2021-04-08T10:17:27.837
AMC,9.85,3725371.6,2021-04-08T10:18:28.168
AMC,9.85,3701323.2,2021-04-08T10:19:28.309
AMC,9.85,3749877.1,2021-04-08T10:20:28.215
AMC,9.85,3785038.8,2021-04-08T10:21:27.936
AMC,9.85,3767775.5,2021-04-08T10:22:28.267
AMC,9.85,3783913.5,2021-04-08T10:23:27.732
AMC,9.85,-647154.7,2021-04-08T10:24:28.664
AMC,9.85,-663553.4,2021-04-08T10:25:27.827
AMC,9.85,3656173.2,2021-04-08T10:26:27.912
AMC,9.85,3645746.5,2021-04-08T10:27:27.850
AMC,9.85,3666366.4,2021-04-08T10:28:28.017
AMC,9.85,3655332.1,2021-04-08T10:29:27.732
AMC,9.85,-58507.3,2021-04-08T10:30:27.879
AMC,9.85,3629333.6,2021-04-08T10:31:28.074
AMC,9.85,3555392.5,2021-04-08T10:32:28.146
AMC,9.85,3601672.4,2021-04-08T10:33:27.921
AMC,9.85,3569388.4,2021-04-08T10:34:27.983
AMC,9.85,3530853.3,2021-04-08T10:35:28.004
AMC,9.85,3511344.9,2021-04-08T10:36:27.862
AMC,9.85,3468039.8,2021-04-08T10:37:28.034
AMC,9.85,3392108.1,2021-04-08T10:38:28.136
AMC,9.85,3517766.9,2021-04-08T10:39:27.988
AMC,9.85,3570572.2,2021-04-08T10:40:27.811
AMC,9.85,3562343.9,2021-04-08T10:41:27.787
AMC,9.85,3566458.8,2021-04-08T10:42:27.997
AMC,9.85,3590062.5,2021-04-08T10:43:28.061
AMC,9.85,3610576.1,2021-04-08T10:44:27.866
AMC,9.85,3549670.1,2021-04-08T10:45:28.825
AMC,9.85,3556317.3,2021-04-08T10:46:27.905
AMC,9.85,3563641.9,2021-04-08T10:47:28.428
AMC,9.85,3616265.1,2021-04-08T10:48:28.216
AMC,9.85,3672865.1,2021-04-08T10:49:27.966
AMC,9.85,3653954.2,2021-04-08T10:50:27.967
AMC,9.85,3633500.8,2021-04-08T10:51:27.864
AMC,9.85,-839738.3,2021-04-08T10:52:28.047
AMC,9.85,3529602.4,2021-04-08T10:53:28.572
AMC,9.85,3523133.8,2021-04-08T10:54:28.264
AMC,9.85,3544044.3,2021-04-08T10:55:27.988
AMC,9.85,3530482,2021-04-08T10:56:28.159
AMC,9.85,3536326.5,2021-04-08T10:57:27.957
AMC,9.85,3541194,2021-04-08T10:58:27.987
AMC,9.85,3517027.5,2021-04-08T10:59:28.522
AMC,9.85,3525181.5,2021-04-08T11:00:28.098
AMC,9.85,3552607.2,2021-04-08T11:01:28.008
AMC,9.85,3579419.7,2021-04-08T11:02:28.068
AMC,9.85,3623195.9,2021-04-08T11:03:28.086
AMC,9.85,3587374.7,2021-04-08T11:04:27.978
AMC,9.85,3652384.1,2021-04-08T11:05:28.419
AMC,9.85,500750.4,2021-04-08T11:06:28.263
AMC,9.85,3682066.7,2021-04-08T11:07:28.175
AMC,9.85,1899865.7,2021-04-08T11:08:28.070
AMC,9.85,882305.7,2021-04-08T11:09:28.188
AMC,9.85,3591343.4,2021-04-08T11:10:27.993
AMC,9.85,3643861.1,2021-04-08T11:11:28.292
AMC,9.85,3639857.1,2021-04-08T11:12:27.921
AMC,9.85,3599430.5,2021-04-08T11:13:27.876
AMC,9.85,3557950.4,2021-04-08T11:14:27.984
AMC,9.85,3544553.9,2021-04-08T11:15:28.199
AMC,9.85,3533090.6,2021-04-08T11:16:27.982
AMC,9.85,3531656.4,2021-04-08T11:17:28.343
AMC,9.85,3520138.8,2021-04-08T11:18:28.029
AMC,9.85,3503323.2,2021-04-08T11:19:29.432
AMC,9.85,3538579.4,2021-04-08T11:20:28.080
AMC,9.85,3506996.4,2021-04-08T11:21:28.187
AMC,9.85,3530076.9,2021-04-08T11:22:28.223
AMC,9.85,3556794.3,2021-04-08T11:23:28.203
AMC,9.85,3569765,2021-04-08T11:24:28.612
AMC,9.85,3600840.6,2021-04-08T11:25:28.842
AMC,9.85,3588215.8,2021-04-08T11:26:28.304
AMC,9.85,1774520.6,2021-04-08T11:27:28.974
AMC,9.85,3656551.7,2021-04-08T11:28:28.432
AMC,9.85,3639728,2021-04-08T11:29:28.384
AMC,9.85,3638893.5,2021-04-08T11:30:28.300
AMC,9.85,3680979,2021-04-08T11:31:28.054
AMC,9.85,3655963.4,2021-04-08T11:32:28.269
AMC,9.85,3673179.2,2021-04-08T11:33:28.334
AMC,9.85,3673379.3,2021-04-08T11:34:28.226
AMC,9.85,3627482.1,2021-04-08T11:35:28.822
AMC,9.85,505173.4,2021-04-08T11:36:28.183
AMC,9.85,3592977.6,2021-04-08T11:37:28.304
AMC,9.85,3524323.3,2021-04-08T11:38:28.082
AMC,9.85,3535849.8,2021-04-08T11:39:28.043
AMC,9.85,3557524.8,2021-04-08T11:40:28.238
AMC,9.85,3600995.6,2021-04-08T11:41:28.189
AMC,9.85,3559716.1,2021-04-08T11:42:28.317
AMC,9.85,3609859.9,2021-04-08T11:43:28.025
AMC,9.85,3603783.6,2021-04-08T11:44:28.068
AMC,9.85,3573624.4,2021-04-08T11:45:28.210
AMC,9.85,3565647.2,2021-04-08T11:46:28.338
AMC,9.85,3555789.8,2021-04-08T11:47:28.082
AMC,9.85,3554251.9,2021-04-08T11:48:28.327
AMC,9.85,3562664.8,2021-04-08T11:49:28.425
AMC,9.85,3554119.3,2021-04-08T11:50:28.282
AMC,9.85,3552774.5,2021-04-08T11:51:29.129
AMC,9.85,3706095.3,2021-04-08T11:52:28.671
AMC,9.85,3649323.7,2021-04-08T11:53:28.698
AMC,9.85,3641515.1,2021-04-08T11:54:28.387
AMC,9.85,3663638.5,2021-04-08T11:55:28.218
AMC,9.85,3650211.5,2021-04-08T11:56:28.230
AMC,9.85,3642928.5,2021-04-08T11:57:28.495
AMC,9.85,3606495.3,2021-04-08T11:58:28.805
AMC,9.85,3678837,2021-04-08T11:59:28.666
AMC,9.85,3615800.9,2021-04-08T12:00:28.310
AMC,9.85,3639570.8,2021-04-08T12:01:28.377
AMC,9.85,3649336.2,2021-04-08T12:02:28.396
AMC,9.85,3613568.1,2021-04-08T12:03:28.437
AMC,9.85,3632111.9,2021-04-08T12:04:28.776
AMC,9.85,3608172,2021-04-08T12:05:28.140
AMC,9.85,3594348.1,2021-04-08T12:06:28.383
AMC,9.85,3599434.6,2021-04-08T12:07:28.286
AMC,9.85,3586874.3,2021-04-08T12:08:28.934
AMC,9.85,3505317.4,2021-04-08T12:09:29.226
AMC,9.85,3583029.8,2021-04-08T12:10:28.335
AMC,9.85,3549557.7,2021-04-08T12:11:28.380
AMC,9.85,3543612.7,2021-04-08T12:12:28.925
AMC,9.85,3491885.1,2021-04-08T12:13:28.402
AMC,9.85,3534521.2,2021-04-08T12:14:29.764
AMC,9.85,3566002.3,2021-04-08T12:15:28.678
AMC,9.85,3562126.5,2021-04-08T12:16:28.401
AMC,9.85,1522549.7,2021-04-08T12:17:28.342
AMC,9.85,3607096.8,2021-04-08T12:18:28.391
AMC,9.85,3637124.4,2021-04-08T12:19:29.838
AMC,9.85,3658795.4,2021-04-08T12:20:28.538
AMC,9.85,3607812.4,2021-04-08T12:21:28.394
AMC,9.85,3588973.9,2021-04-08T12:22:28.494
AMC,9.85,3606908.7,2021-04-08T12:23:28.479
AMC,9.85,3606565.5,2021-04-08T12:24:30.220
AMC,9.85,471585.9,2021-04-08T12:25:29.509
AMC,9.85,3539137.6,2021-04-08T12:26:28.395
AMC,9.85,3535249.3,2021-04-08T12:27:29.085
AMC,9.85,3521740.2,2021-04-08T12:28:28.661
AMC,9.85,3580434.7,2021-04-08T12:29:30.537
AMC,9.85,3580446.8,2021-04-08T12:30:28.701
AMC,9.85,3544534.5,2021-04-08T12:31:29.304
AMC,9.85,3557918.9,2021-04-08T12:32:28.489
AMC,9.85,3593395.2,2021-04-08T12:33:31.192
AMC,9.85,3564315.6,2021-04-08T12:34:30.702
AMC,9.85,3574489.1,2021-04-08T12:35:29.065
AMC,9.85,3557018.3,2021-04-08T12:36:28.659
AMC,9.85,3576599.2,2021-04-08T12:37:28.497
AMC,9.85,3560912.8,2021-04-08T12:38:29.129
AMC,9.85,2134628.4,2021-04-08T12:39:31.084
AMC,9.85,3561433.6,2021-04-08T12:40:28.651
AMC,9.85,3601155.1,2021-04-08T12:41:28.459
AMC,9.85,3541018.6,2021-04-08T12:42:28.954
AMC,9.85,3568068.6,2021-04-08T12:43:28.650
AMC,9.85,3153036.8,2021-04-08T12:44:31.366
AMC,9.85,3547901.6,2021-04-08T12:45:28.580
AMC,9.85,3529910.8,2021-04-08T12:46:28.843
AMC,9.85,3481989,2021-04-08T12:47:28.770
AMC,9.85,3501456,2021-04-08T12:48:29.199
AMC,9.85,3499669.6,2021-04-08T12:49:31.818
AMC,9.85,3503066.1,2021-04-08T12:50:29.383
AMC,9.85,3508394,2021-04-08T12:51:28.704
AMC,9.85,3557160.2,2021-04-08T12:52:28.643
AMC,9.85,3546116,2021-04-08T12:53:28.824
AMC,9.85,3500905.3,2021-04-08T12:54:31.820
AMC,9.85,2076742.8,2021-04-08T12:55:28.828
AMC,9.85,3510962.9,2021-04-08T12:56:29.044
AMC,9.85,3486330.2,2021-04-08T12:57:28.990
AMC,9.85,3494834.7,2021-04-08T12:58:28.962
AMC,9.85,3472097.7,2021-04-08T12:59:31.791
AMC,9.85,3502932.9,2021-04-08T13:00:28.815
AMC,9.85,3510586.1,2021-04-08T13:01:28.826
AMC,9.85,3503007.4,2021-04-08T13:02:29.474
AMC,9.85,3433642.3,2021-04-08T13:03:29.070
AMC,9.85,3343064,2021-04-08T13:04:31.762
AMC,9.85,3360929.2,2021-04-08T13:05:28.824
AMC,9.85,3310174.6,2021-04-08T13:06:28.916
AMC,9.85,3336365.5,2021-04-08T13:07:28.929
AMC,9.85,3354701.5,2021-04-08T13:08:28.675
AMC,9.85,3411244.9,2021-04-08T13:09:32.756
AMC,9.85,3376074.8,2021-04-08T13:10:28.695
AMC,9.85,3357842.1,2021-04-08T13:11:28.956
AMC,9.85,3355209.1,2021-04-08T13:12:29.004
AMC,9.85,3344033.6,2021-04-08T13:13:28.719
AMC,9.85,3423098.3,2021-04-08T13:14:31.592
AMC,9.85,3357164.3,2021-04-08T13:15:29.071
AMC,9.85,3366137.8,2021-04-08T13:16:28.699
AMC,9.85,3369787,2021-04-08T13:17:28.743
AMC,9.85,3317225.8,2021-04-08T13:18:28.728
AMC,9.85,3681991.5,2021-04-08T13:19:31.584
AMC,9.85,3334455.2,2021-04-08T13:20:28.905
AMC,9.85,3325433.6,2021-04-08T13:21:28.875
AMC,9.85,3332593.3,2021-04-08T13:22:29.236
AMC,9.85,3277523.5,2021-04-08T13:23:29.177
AMC,9.85,3181354.5,2021-04-08T13:24:31.760
AMC,9.85,3184402.7,2021-04-08T13:25:28.940
AMC,9.85,3126153.7,2021-04-08T13:26:28.941
AMC,9.85,3076729.8,2021-04-08T13:27:28.900
AMC,9.85,3090485.9,2021-04-08T13:28:29.152
AMC,9.85,3110440.4,2021-04-08T13:29:30.684
AMC,9.85,3138395.5,2021-04-08T13:30:28.831
AMC,9.85,3075271.2,2021-04-08T13:31:29.856
AMC,9.85,3131281.5,2021-04-08T13:32:29.040
AMC,9.85,3096238.9,2021-04-08T13:33:29.137
AMC,9.85,3079656.7,2021-04-08T13:34:30.503
AMC,9.85,3114390.9,2021-04-08T13:35:29.100
AMC,9.85,3060259.1,2021-04-08T13:36:29.080
AMC,9.85,3108611.9,2021-04-08T13:37:28.772
AMC,9.85,3564659.2,2021-04-08T13:38:29.150
AMC,9.85,3101751,2021-04-08T13:39:33.927
AMC,9.85,-1036902.9,2021-04-08T13:40:29.187
AMC,9.85,3196748.6,2021-04-08T13:41:29.076
AMC,9.85,3301791.7,2021-04-08T13:42:29.005
AMC,9.85,3299939.6,2021-04-08T13:43:28.986
AMC,9.85,3309272.6,2021-04-08T13:44:29.163
AMC,9.85,3320408.3,2021-04-08T13:45:29.104
AMC,9.85,3782582.4,2021-04-08T13:46:29.189
AMC,9.85,3303586.4,2021-04-08T13:47:28.846
AMC,9.85,3283212.7,2021-04-08T13:48:29.050
AMC,9.85,3270651.1,2021-04-08T13:49:30.114
AMC,9.85,3304515,2021-04-08T13:50:28.998
AMC,9.85,3263359.9,2021-04-08T13:51:29.271
AMC,9.85,3204812,2021-04-08T13:52:29.246
AMC,9.85,3243669.3,2021-04-08T13:53:28.957
AMC,9.85,3214797.3,2021-04-08T13:54:28.888
AMC,9.85,3221428,2021-04-08T13:55:28.966
AMC,9.85,3254553.8,2021-04-08T13:56:28.865
AMC,9.85,3249442.8,2021-04-08T13:57:33.928
AMC,9.85,3250001.6,2021-04-08T13:58:29.263
AMC,9.85,3253398.9,2021-04-08T13:59:29.526
AMC,9.85,3283286.4,2021-04-08T14:00:29.084
AMC,9.85,3803973.1,2021-04-08T14:01:29.641
AMC,9.85,3359646.7,2021-04-08T14:02:29.300
AMC,9.85,3358174.4,2021-04-08T14:03:29.326
AMC,9.85,3390987,2021-04-08T14:04:30.140
AMC,9.85,3400583.7,2021-04-08T14:05:29.210
AMC,9.85,3400607.6,2021-04-08T14:06:29.129
AMC,9.85,3409231.9,2021-04-08T14:07:28.981
AMC,9.85,3365510.2,2021-04-08T14:08:29.032
AMC,9.85,3400279,2021-04-08T14:09:29.222
AMC,9.85,3436229.5,2021-04-08T14:10:29.125
AMC,9.85,3465702.9,2021-04-08T14:11:29.017
AMC,9.85,3439885,2021-04-08T14:12:29.211
AMC,9.85,3461339.1,2021-04-08T14:13:29.118
AMC,9.85,3457105,2021-04-08T14:14:29.969
AMC,9.85,3465379.4,2021-04-08T14:15:29.427
AMC,9.85,3472011.8,2021-04-08T14:16:29.252
AMC,9.85,3406615,2021-04-08T14:17:29.192
AMC,9.85,3370050.3,2021-04-08T14:18:29.281
AMC,9.85,3353180.6,2021-04-08T14:19:29.292
AMC,9.85,3305678,2021-04-08T14:20:29.302
AMC,9.85,3669679.2,2021-04-08T14:21:29.142
AMC,9.85,3321421.1,2021-04-08T14:22:29.149
AMC,9.85,3355842.4,2021-04-08T14:23:29.170
AMC,9.85,3358905.7,2021-04-08T14:24:29.130
AMC,9.85,3340216.8,2021-04-08T14:25:29.332
AMC,9.85,3308401.6,2021-04-08T14:26:29.385
AMC,9.85,3301451.3,2021-04-08T14:27:29.372
AMC,9.85,3301313.9,2021-04-08T14:28:29.635
AMC,9.85,3322839.4,2021-04-08T14:29:29.185
AMC,9.85,3320139.7,2021-04-08T14:30:29.190
AMC,9.85,3314512.5,2021-04-08T14:31:29.307
AMC,9.85,3308878.5,2021-04-08T14:32:29.223
AMC,9.85,3309111,2021-04-08T14:33:29.314
AMC,9.85,3329485.6,2021-04-08T14:34:29.341
AMC,9.85,3322292.7,2021-04-08T14:35:29.574
AMC,9.85,3266284.2,2021-04-08T14:36:30.369
AMC,9.85,3273111.2,2021-04-08T14:37:29.206
AMC,9.85,3304686.4,2021-04-08T14:38:30.125
AMC,9.85,3289064.4,2021-04-08T14:39:29.248
AMC,9.85,3303517.5,2021-04-08T14:40:29.712
AMC,9.85,3303534.5,2021-04-08T14:41:29.881
AMC,9.85,3297563.1,2021-04-08T14:42:29.730
AMC,9.85,3325839,2021-04-08T14:43:29.471
AMC,9.85,3311842.8,2021-04-08T14:44:29.498
AMC,9.85,3577218,2021-04-08T14:45:29.485
AMC,9.85,3291398.8,2021-04-08T14:46:29.218
AMC,9.85,337311.3,2021-04-08T14:47:29.141
AMC,9.85,3275546.9,2021-04-08T14:48:29.401
AMC,9.85,3339067.9,2021-04-08T14:49:29.309
AMC,9.85,3378343.8,2021-04-08T14:50:29.232
AMC,9.85,3388960.1,2021-04-08T14:51:29.644
AMC,9.85,3364532.7,2021-04-08T14:52:29.413
AMC,9.85,3355457.8,2021-04-08T14:53:30.554
AMC,9.85,3349824.2,2021-04-08T14:54:29.271
AMC,9.85,3382242.7,2021-04-08T14:55:29.424
AMC,9.85,3391391.1,2021-04-08T14:56:29.892
AMC,9.85,359815.9,2021-04-08T14:57:29.570
AMC,9.85,3635157.9,2021-04-08T14:58:29.441
AMC,9.85,390436.2,2021-04-08T14:59:29.510
AMC,9.85,3614853.2,2021-04-08T15:00:29.620
AMC,9.85,3344781.1,2021-04-08T15:01:29.459
AMC,9.85,3317251.5,2021-04-08T15:02:29.259
AMC,9.85,3261331.3,2021-04-08T15:03:29.572
AMC,9.85,3281455.6,2021-04-08T15:04:29.432
AMC,9.85,3316847.3,2021-04-08T15:05:30.444
AMC,9.85,3336734.9,2021-04-08T15:06:30.062
AMC,9.85,3334162.1,2021-04-08T15:07:29.641
AMC,9.85,3311278.5,2021-04-08T15:08:29.907
AMC,9.85,3289574.1,2021-04-08T15:09:29.795
AMC,9.85,3268307.1,2021-04-08T15:10:29.678
AMC,9.85,259089.9,2021-04-08T15:11:29.637
AMC,9.85,3156900.1,2021-04-08T15:12:29.907
AMC,9.85,3174899.8,2021-04-08T15:13:29.600
AMC,9.85,3135817.3,2021-04-08T15:14:29.857
AMC,9.85,3197233.9,2021-04-08T15:15:29.591
AMC,9.85,3185146.9,2021-04-08T15:16:30.122
AMC,9.85,279063.7,2021-04-08T15:17:29.567
AMC,9.85,3112083.8,2021-04-08T15:18:30.049
AMC,9.85,3186136.9,2021-04-08T15:19:30.624
AMC,9.85,3152843.6,2021-04-08T15:20:29.740
AMC,9.85,3172877.1,2021-04-08T15:21:29.924
AMC,9.85,3184203.5,2021-04-08T15:22:29.171
AMC,9.85,3227329.3,2021-04-08T15:23:29.742
AMC,9.85,3161288,2021-04-08T15:24:29.541
AMC,9.85,3203393.9,2021-04-08T15:25:29.619
AMC,9.85,3186520.6,2021-04-08T15:26:29.741
AMC,9.85,3169838.8,2021-04-08T15:27:30.061
AMC,9.85,3224301.6,2021-04-08T15:28:30.412
AMC,9.85,3297609.4,2021-04-08T15:29:29.671
AMC,9.85,3185424.4,2021-04-08T15:30:29.598
AMC,9.85,3192604.3,2021-04-08T15:31:29.670
AMC,9.85,3201056,2021-04-08T15:32:29.646
AMC,9.85,3169738.8,2021-04-08T15:33:29.619
AMC,9.85,3168169,2021-04-08T15:34:31.253
AMC,9.85,3124483.4,2021-04-08T15:35:30.143
AMC,9.85,3143444.9,2021-04-08T15:36:30.909
AMC,9.85,3153717.3,2021-04-08T15:37:30.148
AMC,9.85,3157617.6,2021-04-08T15:38:29.784
AMC,9.85,3154367.1,2021-04-08T15:39:29.739
AMC,9.85,3212204.1,2021-04-08T15:40:29.925
AMC,9.85,3258381.8,2021-04-08T15:41:29.985
AMC,9.85,5092915.9,2021-04-08T15:42:29.692
AMC,9.85,5032362.2,2021-04-08T15:43:32.144
AMC,9.85,2900244.8,2021-04-08T15:44:29.863
AMC,9.85,3250603.8,2021-04-08T15:45:30.126
AMC,9.85,3231472.5,2021-04-08T15:46:30.129
AMC,9.85,3588382.7,2021-04-08T15:47:29.705
AMC,9.85,3401648.6,2021-04-08T15:48:29.681
AMC,9.85,3486524.7,2021-04-08T15:49:29.624
AMC,9.85,4018463.7,2021-04-08T15:50:29.626
AMC,9.85,3595368.4,2021-04-08T15:51:29.663
AMC,9.85,3608277.3,2021-04-08T15:52:29.780
AMC,9.85,3580333,2021-04-08T15:53:31.486
AMC,9.85,3533330,2021-04-08T15:54:30.447
AMC,9.85,3894070,2021-04-08T15:55:29.914
AMC,9.85,3949769.7,2021-04-08T15:56:29.678
AMC,9.85,5363311.9,2021-04-08T15:57:29.887
AMC,9.85,3589898.4,2021-04-08T15:58:29.990
AMC,9.85,3567954.4,2021-04-08T15:59:30.027
AMC,9.85,3685823.1,2021-04-08T16:00:30.512
AMC,9.85,3685823.1,2021-04-08T16:01:29.894
AMC,9.85,3685823.1,2021-04-08T16:02:30.334
AMC,9.85,3685823.1,2021-04-08T16:03:29.737
AMC,9.85,3685823.1,2021-04-08T16:04:29.593
AMC,9.85,3685823.1,2021-04-08T16:05:29.631
AMC,9.85,3685823.1,2021-04-08T16:06:30.392
AMC,9.85,3685823.1,2021-04-08T16:07:30.722
AMC,9.85,3685823.1,2021-04-08T16:08:29.793
AMC,9.85,3685823.1,2021-04-08T16:09:29.946
AMC,9.85,3685823.1,2021-04-08T16:10:29.650
AMC,9.85,3685823.1,2021-04-08T16:11:29.664
AMC,9.85,3685823.1,2021-04-08T16:12:29.780
AMC,9.85,3685823.1,2021-04-08T16:13:29.826
AMC,9.85,3685823.1,2021-04-08T16:14:30.582
AMC,9.85,3685823.1,2021-04-08T16:15:30.611
AMC,9.85,3685823.1,2021-04-08T16:16:30.936
AMC,9.85,3685823.1,2021-04-08T16:17:29.748
AMC,9.85,3685823.1,2021-04-08T16:18:31.673
AMC,9.85,3685823.1,2021-04-08T16:19:29.797
AMC,9.85,3685823.1,2021-04-08T16:20:29.808
AMC,9.85,3685823.1,2021-04-08T16:21:29.866
AMC,9.85,3685823.1,2021-04-08T16:22:29.677
AMC,9.85,3685823.1,2021-04-08T16:23:29.813
AMC,9.85,3685823.1,2021-04-08T16:24:29.745
AMC,9.85,3685823.1,2021-04-08T16:25:29.949
AMC,9.85,3685823.1,2021-04-08T16:26:29.630
AMC,9.85,3685823.1,2021-04-08T16:27:29.531
AMC,9.85,3685823.1,2021-04-08T16:28:30.150
AMC,9.85,3685823.1,2021-04-08T16:29:30.128
AMC,9.85,3685823.1,2021-04-08T16:30:30.086
AMC,9.85,3685823.1,2021-04-08T16:31:30.416
AMC,9.85,3685823.1,2021-04-08T16:32:29.741
AMC,9.85,3685823.1,2021-04-08T16:33:29.922
AMC,9.85,3685823.1,2021-04-08T16:34:29.725
AMC,9.85,3685823.1,2021-04-08T16:35:29.842
AMC,9.85,3685823.1,2021-04-08T16:36:30.001
AMC,9.85,3685823.1,2021-04-08T16:37:30.069
AMC,9.85,3685823.1,2021-04-08T16:38:29.703
AMC,9.85,3685823.1,2021-04-08T16:39:29.918
AMC,9.85,3685823.1,2021-04-08T16:40:30.016
AMC,9.85,3685823.1,2021-04-08T16:41:29.797
AMC,9.85,3685823.1,2021-04-08T16:42:29.943
AMC,9.85,3685823.1,2021-04-08T16:43:29.877
AMC,9.85,3685823.1,2021-04-08T16:44:29.852
AMC,9.85,3685823.1,2021-04-08T16:45:29.847
AMC,9.85,3685823.1,2021-04-08T16:46:30.560
AMC,9.85,3685823.1,2021-04-08T16:47:29.835
AMC,9.85,3685823.1,2021-04-08T16:48:29.935
AMC,9.85,3685823.1,2021-04-08T16:49:30.303
AMC,9.85,3685823.1,2021-04-08T16:50:31.033
AMC,9.85,3685823.1,2021-04-08T16:51:29.717
AMC,9.85,3685823.1,2021-04-08T16:52:30.021
AMC,9.85,3685823.1,2021-04-08T16:53:29.848
AMC,9.85,3685823.1,2021-04-08T16:54:29.855
AMC,9.85,3685823.1,2021-04-08T16:55:29.930
AMC,9.85,3685823.1,2021-04-08T16:56:30.020
AMC,9.85,3685823.1,2021-04-08T16:57:30.133
AMC,9.85,3685823.1,2021-04-08T16:58:30.561
AMC,9.85,3685823.1,2021-04-08T16:59:30.086
AMC,9.85,3685823.1,2021-04-08T17:00:29.926
AMC,9.85,3685823.1,2021-04-08T17:01:29.904
AMC,9.85,3685823.1,2021-04-08T17:02:30.130
AMC,9.85,3685823.1,2021-04-08T17:03:29.869
AMC,9.85,3685823.1,2021-04-08T17:04:30.515
AMC,9.85,3685823.1,2021-04-08T17:05:31.695
AMC,9.85,3685823.1,2021-04-08T17:06:30.273
AMC,9.85,3685823.1,2021-04-08T17:07:30.525
AMC,9.85,3685823.1,2021-04-08T17:08:30.159
AMC,9.85,3685823.1,2021-04-08T17:09:29.973
AMC,9.85,3685823.1,2021-04-08T17:10:30.178
AMC,9.85,3685823.1,2021-04-08T17:11:29.968
AMC,9.85,3685823.1,2021-04-08T17:12:30.077
AMC,9.85,3685823.1,2021-04-08T17:13:30.199
AMC,9.85,3685823.1,2021-04-08T17:14:30.060
AMC,9.85,3685823.1,2021-04-08T17:15:30.085
AMC,9.85,3685823.1,2021-04-08T17:16:30.123
AMC,9.85,3685823.1,2021-04-08T17:17:29.982
AMC,9.85,3685823.1,2021-04-08T17:18:30.144
AMC,9.85,3685823.1,2021-04-08T17:19:30.182
AMC,9.85,3685823.1,2021-04-08T17:20:30.041
AMC,9.85,3685823.1,2021-04-08T17:21:30.017
AMC,9.85,3685823.1,2021-04-08T17:22:29.947
AMC,9.85,3685823.1,2021-04-08T17:23:30.193
AMC,9.85,3685823.1,2021-04-08T17:24:30.643
AMC,9.85,3685823.1,2021-04-08T17:25:29.974
AMC,9.85,3685823.1,2021-04-08T17:26:30.248
AMC,9.85,3685823.1,2021-04-08T17:27:30.077
AMC,9.85,3685823.1,2021-04-08T17:28:30.324
AMC,9.85,3685823.1,2021-04-08T17:29:30.077
AMC,9.85,3685823.1,2021-04-08T17:30:30.281
AMC,9.85,3685823.1,2021-04-08T17:31:30.880
AMC,9.85,3685823.1,2021-04-08T17:32:30.714
AMC,9.85,3685823.1,2021-04-08T17:33:30.025
AMC,9.85,3685823.1,2021-04-08T17:34:30.026
AMC,9.85,3685823.1,2021-04-08T17:35:30.211
AMC,9.85,3685823.1,2021-04-08T17:36:30.375
AMC,9.85,3685823.1,2021-04-08T17:37:30.060
AMC,9.85,3685823.1,2021-04-08T17:38:30.453
AMC,9.85,3685823.1,2021-04-08T17:39:30.236
AMC,9.85,3685823.1,2021-04-08T17:40:30.029
AMC,9.85,3685823.1,2021-04-08T17:41:30.222
AMC,9.85,3685823.1,2021-04-08T17:42:30.252
AMC,9.85,3685823.1,2021-04-08T17:43:30.906
AMC,9.85,3685823.1,2021-04-08T17:44:30.388
AMC,9.85,3685823.1,2021-04-08T17:45:30.121
AMC,9.85,3685823.1,2021-04-08T17:46:30.181
AMC,9.85,3685823.1,2021-04-08T17:47:30.835
AMC,9.85,3685823.1,2021-04-08T17:48:30.320
AMC,9.85,3685823.1,2021-04-08T17:49:30.037
AMC,9.85,3685823.1,2021-04-08T17:50:30.447
AMC,9.85,3685823.1,2021-04-08T17:51:30.181
AMC,9.85,3685823.1,2021-04-08T17:52:30.263
AMC,9.85,3685823.1,2021-04-08T17:53:30.170
AMC,9.85,3685823.1,2021-04-08T17:54:30.129
AMC,9.85,3685823.1,2021-04-08T17:55:30.880
AMC,9.85,3685823.1,2021-04-08T17:56:30.392
AMC,9.85,3685823.1,2021-04-08T17:57:30.552
AMC,9.85,3685823.1,2021-04-08T17:58:30.421
AMC,9.85,3685823.1,2021-04-08T17:59:30.391
AMC,9.85,3685823.1,2021-04-08T18:00:30.464
AMC,9.85,3685823.1,2021-04-08T18:01:30.486
AMC,9.85,3685823.1,2021-04-08T18:02:30.356
AMC,9.85,3685823.1,2021-04-08T18:03:30.255
AMC,9.85,3685823.1,2021-04-08T18:04:30.398
AMC,9.85,3685823.1,2021-04-08T18:05:30.360
AMC,9.85,3685823.1,2021-04-08T18:06:30.274
AMC,9.85,3685823.1,2021-04-08T18:07:30.239
AMC,9.85,3685823.1,2021-04-08T18:08:30.125
AMC,9.85,3685823.1,2021-04-08T18:09:30.928
AMC,9.85,3685823.1,2021-04-08T18:10:30.777
AMC,9.85,3685823.1,2021-04-08T18:11:30.513
AMC,9.85,3685823.1,2021-04-08T18:12:30.438
AMC,9.85,3685823.1,2021-04-08T18:13:30.663
AMC,9.85,3685823.1,2021-04-08T18:14:30.338
AMC,9.85,3685823.1,2021-04-08T18:15:30.441
AMC,9.85,3685823.1,2021-04-08T18:16:30.764
AMC,9.85,3685823.1,2021-04-08T18:17:30.354
AMC,9.85,3685823.1,2021-04-08T18:18:30.578
AMC,9.85,3685823.1,2021-04-08T18:19:30.794
AMC,9.85,3685823.1,2021-04-08T18:20:30.509
AMC,9.85,3685823.1,2021-04-08T18:21:30.568
AMC,9.85,3685823.1,2021-04-08T18:22:30.578
AMC,9.85,3685823.1,2021-04-08T18:23:30.419
AMC,9.85,3685823.1,2021-04-08T18:24:30.609
AMC,9.85,3685823.1,2021-04-08T18:25:30.711
AMC,9.85,3685823.1,2021-04-08T18:26:30.606
AMC,9.85,3685823.1,2021-04-08T18:27:30.600
AMC,9.85,3685823.1,2021-04-08T18:28:31.001
AMC,9.85,3685823.1,2021-04-08T18:29:30.577
AMC,9.85,3685823.1,2021-04-08T18:30:30.826
AMC,9.85,3685823.1,2021-04-08T18:31:30.692
AMC,9.85,3685823.1,2021-04-08T18:32:30.490
AMC,9.85,3685823.1,2021-04-08T18:33:31.559
AMC,9.85,3685823.1,2021-04-08T18:34:30.925
AMC,9.85,3685823.1,2021-04-08T18:35:30.618
AMC,9.85,3685823.1,2021-04-08T18:36:30.648
AMC,9.85,3685823.1,2021-04-08T18:37:30.723
AMC,9.85,3685823.1,2021-04-08T18:38:30.493
AMC,9.85,3685823.1,2021-04-08T18:39:30.741
AMC,9.85,3685823.1,2021-04-08T18:40:30.545
AMC,9.85,3685823.1,2021-04-08T18:41:30.664
AMC,9.85,3685823.1,2021-04-08T18:42:30.645
AMC,9.85,3685823.1,2021-04-08T18:43:33.817
AMC,9.85,3685823.1,2021-04-08T18:44:30.609
AMC,9.85,3685823.1,2021-04-08T18:45:30.577
AMC,9.85,3685823.1,2021-04-08T18:46:30.861
AMC,9.85,3685823.1,2021-04-08T18:47:30.905
AMC,9.85,3685823.1,2021-04-08T18:48:30.615
AMC,9.85,3685823.1,2021-04-08T18:49:30.834
AMC,9.85,3685823.1,2021-04-08T18:50:31.350
AMC,9.85,3685823.1,2021-04-08T18:51:30.711
AMC,9.85,3685823.1,2021-04-08T18:52:30.787
AMC,9.85,3685823.1,2021-04-08T18:53:30.798
AMC,9.85,3685823.1,2021-04-08T18:54:30.869
AMC,9.85,3685823.1,2021-04-08T18:55:30.782
AMC,9.85,3685823.1,2021-04-08T18:56:30.760
AMC,9.79,3401038.7,2021-04-09T09:35:40.391
AMC,9.79,3378836.9,2021-04-09T09:36:39.992
AMC,9.79,3373847.8,2021-04-09T09:37:40.250
AMC,9.79,5172068.9,2021-04-09T09:38:40.762
AMC,9.79,3884294.9,2021-04-09T09:39:39.830
AMC,9.79,3389972.9,2021-04-09T09:40:40.198
AMC,9.79,3413209.2,2021-04-09T09:41:40.401
AMC,9.79,3537994.6,2021-04-09T09:42:39.734
AMC,9.79,3499651.1,2021-04-09T09:43:39.588
AMC,9.79,3454931.7,2021-04-09T09:44:39.598
AMC,9.79,3497422.8,2021-04-09T09:45:40.115
AMC,9.79,3507020.6,2021-04-09T09:46:39.979
AMC,9.79,3518087.8,2021-04-09T09:47:39.814
AMC,9.79,3499576.6,2021-04-09T09:48:39.997
AMC,9.79,-1807924.6,2021-04-09T09:49:39.692
AMC,9.79,-1813307.3,2021-04-09T09:50:39.623
AMC,9.79,3210952.3,2021-04-09T09:51:39.617
AMC,9.79,3386036.1,2021-04-09T09:52:06.221
AMC,9.79,6333028.1,2021-04-09T09:52:25.440
AMC,9.79,3246210.7,2021-04-09T09:53:00.117
AMC,9.79,3392470.2,2021-04-09T09:53:56.522
AMC,9.79,3332744.9,2021-04-09T09:54:56.360
AMC,9.79,3296527.3,2021-04-09T09:55:56.613
AMC,9.79,3337946.9,2021-04-09T09:56:56.332
AMC,9.79,3400606.9,2021-04-09T09:57:57.705
AMC,9.79,3335841.4,2021-04-09T09:58:56.384
AMC,9.79,-1953137.9,2021-04-09T09:59:56.390
AMC,9.79,3325910.1,2021-04-09T10:00:56.742
AMC,9.79,4195722.9,2021-04-09T10:01:56.376
AMC,9.79,3127226.1,2021-04-09T10:02:56.937
AMC,9.79,3184230.6,2021-04-09T10:03:56.663
AMC,9.79,3270033.6,2021-04-09T10:04:56.588
AMC,9.79,3217949.6,2021-04-09T10:05:56.554
AMC,9.79,-1912070.6,2021-04-09T10:06:56.468
AMC,9.79,3294184.8,2021-04-09T10:07:56.781
AMC,9.79,3259184.3,2021-04-09T10:08:56.565
AMC,9.79,3261508.5,2021-04-09T10:09:56.292
AMC,9.79,3469639.6,2021-04-09T10:10:56.368
AMC,9.79,3354940.5,2021-04-09T10:11:56.458
AMC,9.79,3557046.9,2021-04-09T10:12:56.682
AMC,9.79,3421459.7,2021-04-09T10:13:57.319
AMC,9.79,3331684.4,2021-04-09T10:14:57.277
AMC,9.79,3467601.4,2021-04-09T10:23:58.184
AMC,9.79,-1913409.6,2021-04-09T10:24:57.098
AMC,9.79,3347885.7,2021-04-09T10:25:57.368
AMC,9.79,3246350.1,2021-04-09T10:26:57.960
AMC,9.79,3264390.4,2021-04-09T10:27:57.363
AMC,9.79,3219431.3,2021-04-09T10:28:57.310
AMC,9.79,3241123.7,2021-04-09T10:29:57.234
AMC,9.79,-1346971.3,2021-04-09T10:30:57.899
AMC,9.79,3198985,2021-04-09T10:31:57.298
AMC,9.79,3085325.1,2021-04-09T10:32:57.290
AMC,9.79,-5164166.6,2021-04-09T10:33:57.291
AMC,9.79,3065285.2,2021-04-09T10:34:57.500
AMC,9.79,3098259.5,2021-04-09T10:35:57.402
AMC,9.79,3104844.3,2021-04-09T10:36:57.407
AMC,9.79,3032936.2,2021-04-09T10:37:57.556
AMC,9.79,3055399.4,2021-04-09T10:38:57.485
AMC,9.79,3052026.3,2021-04-09T10:39:57.305
AMC,9.79,-5170610.2,2021-04-09T10:40:57.291
AMC,9.79,3043141,2021-04-09T10:41:57.259
AMC,9.79,3107037.7,2021-04-09T10:42:57.394
AMC,9.79,2976034.5,2021-04-09T10:43:57.349
AMC,9.79,3010094,2021-04-09T10:44:57.492
AMC,9.79,4145116,2021-04-09T10:45:57.300
AMC,9.79,4219731,2021-04-09T10:46:57.230
AMC,9.79,3199274.4,2021-04-09T10:47:57.422
AMC,9.79,3054834.8,2021-04-09T10:48:57.356
AMC,9.79,-5167671.7,2021-04-09T10:49:57.778
AMC,9.79,3094384.3,2021-04-09T10:50:57.723
AMC,9.79,3354680.9,2021-04-09T10:51:57.364
AMC,9.79,3393597.6,2021-04-09T10:52:57.394
AMC,9.79,3263496.1,2021-04-09T10:53:57.710
AMC,9.79,4354751.9,2021-04-09T10:54:57.245
AMC,9.79,-5063422.6,2021-04-09T10:55:57.541
AMC,9.79,3242230.6,2021-04-09T10:56:57.612
AMC,9.79,2939438.2,2021-04-09T11:01:05.462
AMC,9.79,6153778.8,2021-04-09T11:02:04.329
AMC,9.79,6153017.6,2021-04-09T11:03:05.195
AMC,9.79,3105483,2021-04-09T11:04:04.752
AMC,9.79,3004057.9,2021-04-09T11:05:06.125
AMC,9.79,3227780.2,2021-04-09T11:06:06.304
AMC,9.79,3140599.3,2021-04-09T11:07:04.394
AMC,9.79,3146179.8,2021-04-09T11:08:04.918
AMC,9.79,6182162.6,2021-04-09T11:09:04.359
AMC,9.79,6194957.1,2021-04-09T11:10:04.866
AMC,9.79,3050321.6,2021-04-09T11:11:04.374
AMC,9.79,3056948.2,2021-04-09T11:12:04.331
AMC,9.79,2902715.7,2021-04-09T11:13:04.395
AMC,9.79,-1620335.5,2021-04-09T11:14:04.494
AMC,9.79,2874330.4,2021-04-09T11:15:04.731
AMC,9.79,2935411.5,2021-04-09T11:16:04.816
AMC,9.79,2940228.6,2021-04-09T11:18:17.417
AMC,9.79,-854721.4,2021-04-09T11:19:16.984
AMC,9.79,-5203744.8,2021-04-09T11:20:17.859
AMC,9.79,2860553.6,2021-04-09T11:21:17.169
AMC,9.79,2752199.8,2021-04-09T11:22:17.538
AMC,9.79,2643572.2,2021-04-09T11:23:17.091
AMC,9.79,3731620.1,2021-04-09T11:24:17.282
AMC,9.79,2692979.3,2021-04-09T11:25:17.762
AMC,9.79,-5454439.1,2021-04-09T11:26:17.079
AMC,9.79,3841109.9,2021-04-09T11:27:17.513
AMC,9.79,2857058,2021-04-09T11:28:17.183
AMC,9.79,2807084.6,2021-04-09T11:29:18.109
AMC,9.79,3786658.9,2021-04-09T11:30:17.235
AMC,9.79,2675795.3,2021-04-09T11:31:17.113
AMC,9.79,2782110.7,2021-04-09T11:32:17.230
AMC,9.79,2830338.5,2021-04-09T11:33:17.053
AMC,9.79,2886519,2021-04-09T11:34:17.245
AMC,9.79,2646037.6,2021-04-09T11:35:18.166
AMC,9.79,2637037.5,2021-04-09T11:36:19.693
AMC,9.79,2764840.3,2021-04-09T11:37:17.618
AMC,9.79,2068886,2021-04-09T12:18:06.184
AMC,9.79,3339320.5,2021-04-09T12:31:56.433
AMC,9.79,2124103,2021-04-09T12:44:23.621
AMC,9.79,2150479.2,2021-04-09T12:44:29.154
AMC,9.79,-6015832.9,2021-04-09T13:02:17.581
AMC,9.79,1749785.9,2021-04-09T13:10:19.248
AMC,9.79,-5913797.3,2021-04-09T13:11:18.609
AMC,9.79,2985299.5,2021-04-09T13:12:18.269
AMC,9.79,1741983.4,2021-04-09T13:13:18.274
AMC,9.79,1789429.4,2021-04-09T13:14:18.334
AMC,9.79,1828632.6,2021-04-09T13:15:18.216
AMC,9.79,-6007440.3,2021-04-09T13:16:18.611
AMC,9.79,1764087.5,2021-04-09T13:17:18.371
AMC,9.79,1842368.3,2021-04-09T13:18:18.179
AMC,9.79,1907788.9,2021-04-09T13:19:18.214
AMC,9.79,1790165.4,2021-04-09T13:20:18.176
AMC,9.79,1670937,2021-04-09T13:21:18.869
AMC,9.79,1651137.4,2021-04-09T13:22:18.730
AMC,9.79,1825011.4,2021-04-09T13:23:18.475
AMC,9.79,1878873.5,2021-04-09T13:24:18.328
AMC,9.79,1805087.3,2021-04-09T13:25:18.448
AMC,9.79,-6002140.1,2021-04-09T13:26:18.469
AMC,9.79,1696229.3,2021-04-09T13:27:18.141
AMC,9.79,1816528.4,2021-04-09T13:28:18.164
AMC,9.79,1701252.9,2021-04-09T13:29:19.492
AMC,9.79,1776573.4,2021-04-09T13:53:02.487
AMC,9.79,1728469.5,2021-04-09T13:54:03.456
AMC,9.79,2967070.8,2021-04-09T13:55:02.237
AMC,9.79,1782433.2,2021-04-09T13:56:02.994
AMC,9.79,-6027836.8,2021-04-09T13:57:02.835
AMC,9.79,1792466.6,2021-04-09T13:58:02.165
AMC,9.79,1816267.3,2021-04-09T13:59:04.530
AMC,9.79,1716650.7,2021-04-09T14:00:02.763
AMC,9.79,1395070.3,2021-04-09T14:01:02.172
AMC,9.79,5560732.9,2021-04-09T14:02:02.062
AMC,9.79,1562575.9,2021-04-09T14:03:02.469
AMC,9.79,-5950953.1,2021-04-09T14:04:03.754
AMC,9.79,1788258.8,2021-04-09T14:05:03.642
AMC,9.79,1721401.7,2021-04-09T14:06:01.991
AMC,9.79,1783020,2021-04-09T14:07:03.154
AMC,9.79,1796286.7,2021-04-09T14:08:03.143
AMC,9.79,1787344.2,2021-04-09T14:21:10.925
AMC,9.79,1914343.8,2021-04-09T14:22:10.676
AMC,9.79,1832819.2,2021-04-09T14:23:10.960
AMC,9.79,1719361.2,2021-04-09T14:24:10.787
AMC,9.79,1806866.7,2021-04-09T14:25:11.179
AMC,9.79,1768831.9,2021-04-09T14:26:10.765
AMC,9.79,1769300.3,2021-04-09T14:27:10.843
AMC,9.79,-5967695.6,2021-04-09T14:28:10.704
AMC,9.79,-5952550.3,2021-04-09T14:29:11.279
AMC,9.79,-32987116.4,2021-04-09T14:30:10.889
AMC,9.79,1708732.7,2021-04-09T14:31:10.484
AMC,9.79,1675753.7,2021-04-09T14:32:10.624
AMC,9.79,2947518.2,2021-04-09T14:33:10.923
AMC,9.79,1711672.8,2021-04-09T14:34:10.563
AMC,9.79,-2905958.8,2021-04-09T14:35:10.538
AMC,9.79,1706063.1,2021-04-09T14:36:11.712
AMC,9.79,1748984.2,2021-04-09T14:37:11.099
AMC,9.79,1681523.1,2021-04-09T14:38:10.812
AMC,9.79,2011418.8,2021-04-09T14:39:10.680
AMC,9.79,1692260.4,2021-04-09T14:40:10.745
AMC,9.79,1646448.2,2021-04-09T14:41:10.537
AMC,9.79,1679673.5,2021-04-09T14:42:10.845
AMC,9.79,1729008.1,2021-04-09T14:43:10.684
AMC,9.79,-34136055.6,2021-04-09T14:45:31.032
AMC,9.79,603590.1,2021-04-09T15:20:26.250
AMC,9.79,-569378.6,2021-04-09T15:29:05.628
AMC,9.79,-113106.8,2021-04-09T15:30:04.606
AMC,9.79,-26352995.6,2021-04-09T15:31:04.209
AMC,9.79,-21523676.3,2021-04-09T15:32:04.273
AMC,9.79,-383225.2,2021-04-09T15:33:04.272
AMC,9.79,-9852.7,2021-04-09T15:34:04.588
AMC,9.79,-6099505.7,2021-04-09T15:35:03.935
AMC,9.79,-7179867.7,2021-04-09T15:36:04.099
AMC,9.79,509013.6,2021-04-09T15:37:04.065
AMC,9.79,867197.4,2021-04-09T15:38:04.157
AMC,9.79,727912.2,2021-04-09T15:39:04.232
AMC,9.79,461457.6,2021-04-09T15:40:04.073
AMC,9.79,834333.9,2021-04-09T15:41:03.866
AMC,9.79,1420120.2,2021-04-09T15:42:04.040
AMC,9.79,585012.5,2021-04-09T15:43:04.577
AMC,9.79,-510968.7,2021-04-09T15:44:04.068
AMC,9.79,1325751.4,2021-04-09T15:45:26.616
AMC,9.79,-347320.6,2021-04-09T15:46:23.102
AMC,9.79,931317.1,2021-04-09T15:47:23.538
AMC,9.79,923698,2021-04-09T15:48:23.212
AMC,9.79,-523567.9,2021-04-09T15:49:23.107
AMC,9.79,513281.4,2021-04-09T15:50:23.246
AMC,9.79,551734.4,2021-04-09T15:51:23.128
AMC,9.79,-1211580.2,2021-04-09T15:52:23.294
AMC,9.79,-1800810.4,2021-04-09T15:53:23.119
AMC,9.79,-2295308.5,2021-04-09T15:54:23.274
AMC,9.79,-4332366.8,2021-04-09T15:55:23.313
AMC,9.79,-5173477,2021-04-09T15:56:24.555
AMC,9.79,-6641003.6,2021-04-09T15:57:23.129
AMC,9.79,-5819032.1,2021-04-09T15:58:26.393
AMC,9.79,-5067138.7,2021-04-09T15:59:23.178
AMC,9.79,-2811245.2,2021-04-09T16:00:23.015
AMC,9.79,-2811245.2,2021-04-09T16:01:23.131
AMC,9.79,-2811245.2,2021-04-09T16:02:23.153
AMC,9.79,-2811245.2,2021-04-09T16:03:25.118
AMC,9.79,-2811245.2,2021-04-09T16:04:23.103
AMC,9.79,-2811245.2,2021-04-09T16:05:23.049
AMC,9.79,-2811245.2,2021-04-09T16:24:48.336
AMC,9.79,-2811245.2,2021-04-09T16:28:06.992
AMC,9.79,-2811245.2,2021-04-09T16:34:13.395
AMC,9.79,-2811245.2,2021-04-09T16:56:56.476
AMC,9.79,-2811245.2,2021-04-09T17:13:11.340
AMC,9.79,-2811245.2,2021-04-09T17:37:29.147
AMC,9.79,-2811245.2,2021-04-09T17:38:31.349
